"row ID","Prediction-subsribed"
"Row0","0"
"Row1","0"
"Row2","0"
"Row3","0"
"Row4","0"
"Row5","0"
"Row6","0"
"Row7","0"
"Row8","0"
"Row9","0"
"Row10","0"
"Row11","0"
"Row12","0"
"Row13","0"
"Row14","0"
"Row15","0"
"Row16","0"
"Row17","0"
"Row18","0"
"Row19","0"
"Row20","0"
"Row21","0"
"Row22","0"
"Row23","0"
"Row24","0"
"Row25","0"
"Row26","0"
"Row27","0"
"Row28","0"
"Row29","0"
"Row30","0"
"Row31","0"
"Row32","0"
"Row33","0"
"Row34","0"
"Row35","0"
"Row36","0"
"Row37","0"
"Row38","0"
"Row39","0"
"Row40","0"
"Row41","0"
"Row42","0"
"Row43","0"
"Row44","0"
"Row45","0"
"Row46","0"
"Row47","0"
"Row48","0"
"Row49","0"
"Row50","0"
"Row51","0"
"Row52","0"
"Row53","0"
"Row54","0"
"Row55","0"
"Row56","0"
"Row57","0"
"Row58","0"
"Row59","0"
"Row60","0"
"Row61","0"
"Row62","0"
"Row63","0"
"Row64","0"
"Row65","0"
"Row66","0"
"Row67","0"
"Row68","0"
"Row69","0"
"Row70","0"
"Row71","0"
"Row72","0"
"Row73","0"
"Row74","0"
"Row75","0"
"Row76","0"
"Row77","0"
"Row78","0"
"Row79","0"
"Row80","0"
"Row81","0"
"Row82","0"
"Row83","0"
"Row84","0"
"Row85","0"
"Row86","0"
"Row87","0"
"Row88","0"
"Row89","0"
"Row90","0"
"Row91","0"
"Row92","0"
"Row93","0"
"Row94","0"
"Row95","0"
"Row96","0"
"Row97","0"
"Row98","0"
"Row99","0"
"Row100","0"
"Row101","0"
"Row102","0"
"Row103","0"
"Row104","0"
"Row105","0"
"Row106","0"
"Row107","0"
"Row108","0"
"Row109","0"
"Row110","0"
"Row111","0"
"Row112","0"
"Row113","0"
"Row114","0"
"Row115","0"
"Row116","0"
"Row117","0"
"Row118","0"
"Row119","0"
"Row120","0"
"Row121","0"
"Row122","0"
"Row123","0"
"Row124","0"
"Row125","0"
"Row126","0"
"Row127","0"
"Row128","0"
"Row129","0"
"Row130","0"
"Row131","0"
"Row132","0"
"Row133","0"
"Row134","0"
"Row135","0"
"Row136","0"
"Row137","0"
"Row138","0"
"Row139","0"
"Row140","0"
"Row141","0"
"Row142","0"
"Row143","0"
"Row144","0"
"Row145","0"
"Row146","0"
"Row147","0"
"Row148","0"
"Row149","0"
"Row150","0"
"Row151","0"
"Row152","0"
"Row153","0"
"Row154","0"
"Row155","0"
"Row156","0"
"Row157","0"
"Row158","0"
"Row159","0"
"Row160","0"
"Row161","0"
"Row162","0"
"Row163","0"
"Row164","0"
"Row165","0"
"Row166","0"
"Row167","0"
"Row168","0"
"Row169","0"
"Row170","0"
"Row171","0"
"Row172","0"
"Row173","0"
"Row174","0"
"Row175","0"
"Row176","0"
"Row177","0"
"Row178","0"
"Row179","0"
"Row180","0"
"Row181","0"
"Row182","0"
"Row183","0"
"Row184","0"
"Row185","0"
"Row186","0"
"Row187","0"
"Row188","0"
"Row189","0"
"Row190","0"
"Row191","0"
"Row192","0"
"Row193","0"
"Row194","0"
"Row195","0"
"Row196","0"
"Row197","0"
"Row198","0"
"Row199","0"
"Row200","0"
"Row201","0"
"Row202","0"
"Row203","0"
"Row204","0"
"Row205","0"
"Row206","0"
"Row207","0"
"Row208","0"
"Row209","0"
"Row210","0"
"Row211","0"
"Row212","0"
"Row213","0"
"Row214","0"
"Row215","0"
"Row216","0"
"Row217","0"
"Row218","0"
"Row219","0"
"Row220","0"
"Row221","0"
"Row222","0"
"Row223","0"
"Row224","0"
"Row225","0"
"Row226","0"
"Row227","0"
"Row228","0"
"Row229","0"
"Row230","0"
"Row231","0"
"Row232","0"
"Row233","0"
"Row234","0"
"Row235","0"
"Row236","0"
"Row237","0"
"Row238","0"
"Row239","0"
"Row240","0"
"Row241","0"
"Row242","0"
"Row243","0"
"Row244","0"
"Row245","0"
"Row246","0"
"Row247","0"
"Row248","0"
"Row249","0"
"Row250","0"
"Row251","0"
"Row252","0"
"Row253","0"
"Row254","0"
"Row255","0"
"Row256","0"
"Row257","0"
"Row258","0"
"Row259","0"
"Row260","0"
"Row261","0"
"Row262","0"
"Row263","0"
"Row264","0"
"Row265","0"
"Row266","0"
"Row267","0"
"Row268","0"
"Row269","0"
"Row270","0"
"Row271","0"
"Row272","0"
"Row273","0"
"Row274","0"
"Row275","0"
"Row276","0"
"Row277","0"
"Row278","0"
"Row279","0"
"Row280","0"
"Row281","0"
"Row282","0"
"Row283","0"
"Row284","0"
"Row285","0"
"Row286","0"
"Row287","0"
"Row288","0"
"Row289","0"
"Row290","0"
"Row291","0"
"Row292","0"
"Row293","0"
"Row294","0"
"Row295","0"
"Row296","0"
"Row297","0"
"Row298","0"
"Row299","0"
"Row300","0"
"Row301","0"
"Row302","0"
"Row303","0"
"Row304","0"
"Row305","0"
"Row306","0"
"Row307","0"
"Row308","0"
"Row309","0"
"Row310","0"
"Row311","0"
"Row312","0"
"Row313","0"
"Row314","0"
"Row315","0"
"Row316","0"
"Row317","0"
"Row318","0"
"Row319","0"
"Row320","0"
"Row321","0"
"Row322","0"
"Row323","0"
"Row324","0"
"Row325","0"
"Row326","0"
"Row327","0"
"Row328","0"
"Row329","0"
"Row330","0"
"Row331","0"
"Row332","0"
"Row333","0"
"Row334","0"
"Row335","0"
"Row336","0"
"Row337","0"
"Row338","0"
"Row339","0"
"Row340","0"
"Row341","0"
"Row342","0"
"Row343","0"
"Row344","0"
"Row345","0"
"Row346","0"
"Row347","0"
"Row348","0"
"Row349","0"
"Row350","0"
"Row351","0"
"Row352","0"
"Row353","0"
"Row354","0"
"Row355","0"
"Row356","0"
"Row357","0"
"Row358","0"
"Row359","0"
"Row360","0"
"Row361","0"
"Row362","0"
"Row363","0"
"Row364","0"
"Row365","0"
"Row366","0"
"Row367","0"
"Row368","0"
"Row369","0"
"Row370","0"
"Row371","0"
"Row372","0"
"Row373","0"
"Row374","0"
"Row375","0"
"Row376","0"
"Row377","0"
"Row378","0"
"Row379","0"
"Row380","0"
"Row381","0"
"Row382","0"
"Row383","0"
"Row384","0"
"Row385","0"
"Row386","0"
"Row387","0"
"Row388","0"
"Row389","0"
"Row390","0"
"Row391","0"
"Row392","0"
"Row393","0"
"Row394","0"
"Row395","0"
"Row396","0"
"Row397","0"
"Row398","0"
"Row399","0"
"Row400","0"
"Row401","0"
"Row402","0"
"Row403","0"
"Row404","0"
"Row405","0"
"Row406","0"
"Row407","0"
"Row408","0"
"Row409","0"
"Row410","0"
"Row411","0"
"Row412","0"
"Row413","0"
"Row414","0"
"Row415","0"
"Row416","0"
"Row417","0"
"Row418","0"
"Row419","0"
"Row420","0"
"Row421","0"
"Row422","0"
"Row423","0"
"Row424","0"
"Row425","0"
"Row426","0"
"Row427","0"
"Row428","0"
"Row429","0"
"Row430","0"
"Row431","0"
"Row432","0"
"Row433","0"
"Row434","0"
"Row435","0"
"Row436","0"
"Row437","0"
"Row438","0"
"Row439","0"
"Row440","0"
"Row441","0"
"Row442","0"
"Row443","0"
"Row444","0"
"Row445","0"
"Row446","0"
"Row447","0"
"Row448","0"
"Row449","0"
"Row450","0"
"Row451","0"
"Row452","0"
"Row453","0"
"Row454","0"
"Row455","0"
"Row456","0"
"Row457","0"
"Row458","0"
"Row459","0"
"Row460","0"
"Row461","0"
"Row462","0"
"Row463","0"
"Row464","0"
"Row465","0"
"Row466","0"
"Row467","0"
"Row468","0"
"Row469","0"
"Row470","0"
"Row471","0"
"Row472","0"
"Row473","0"
"Row474","0"
"Row475","0"
"Row476","0"
"Row477","0"
"Row478","0"
"Row479","0"
"Row480","0"
"Row481","0"
"Row482","0"
"Row483","0"
"Row484","0"
"Row485","0"
"Row486","0"
"Row487","0"
"Row488","0"
"Row489","0"
"Row490","0"
"Row491","0"
"Row492","0"
"Row493","0"
"Row494","0"
"Row495","0"
"Row496","0"
"Row497","0"
"Row498","0"
"Row499","0"
"Row500","0"
"Row501","0"
"Row502","0"
"Row503","0"
"Row504","0"
"Row505","0"
"Row506","0"
"Row507","0"
"Row508","0"
"Row509","0"
"Row510","0"
"Row511","0"
"Row512","0"
"Row513","0"
"Row514","0"
"Row515","0"
"Row516","0"
"Row517","0"
"Row518","0"
"Row519","0"
"Row520","0"
"Row521","0"
"Row522","0"
"Row523","0"
"Row524","0"
"Row525","0"
"Row526","0"
"Row527","0"
"Row528","0"
"Row529","0"
"Row530","0"
"Row531","0"
"Row532","0"
"Row533","0"
"Row534","0"
"Row535","0"
"Row536","0"
"Row537","0"
"Row538","0"
"Row539","0"
"Row540","0"
"Row541","0"
"Row542","0"
"Row543","0"
"Row544","0"
"Row545","0"
"Row546","0"
"Row547","0"
"Row548","0"
"Row549","0"
"Row550","0"
"Row551","0"
"Row552","0"
"Row553","0"
"Row554","0"
"Row555","0"
"Row556","0"
"Row557","0"
"Row558","0"
"Row559","0"
"Row560","0"
"Row561","0"
"Row562","0"
"Row563","0"
"Row564","0"
"Row565","0"
"Row566","0"
"Row567","0"
"Row568","0"
"Row569","0"
"Row570","0"
"Row571","0"
"Row572","0"
"Row573","0"
"Row574","0"
"Row575","0"
"Row576","0"
"Row577","0"
"Row578","0"
"Row579","0"
"Row580","0"
"Row581","0"
"Row582","0"
"Row583","0"
"Row584","0"
"Row585","0"
"Row586","0"
"Row587","0"
"Row588","0"
"Row589","0"
"Row590","0"
"Row591","0"
"Row592","0"
"Row593","0"
"Row594","0"
"Row595","0"
"Row596","0"
"Row597","0"
"Row598","0"
"Row599","0"
"Row600","0"
"Row601","0"
"Row602","0"
"Row603","0"
"Row604","0"
"Row605","0"
"Row606","0"
"Row607","0"
"Row608","0"
"Row609","0"
"Row610","0"
"Row611","0"
"Row612","0"
"Row613","0"
"Row614","0"
"Row615","0"
"Row616","0"
"Row617","0"
"Row618","0"
"Row619","0"
"Row620","0"
"Row621","0"
"Row622","0"
"Row623","0"
"Row624","0"
"Row625","0"
"Row626","0"
"Row627","0"
"Row628","0"
"Row629","0"
"Row630","0"
"Row631","0"
"Row632","0"
"Row633","0"
"Row634","0"
"Row635","0"
"Row636","0"
"Row637","0"
"Row638","0"
"Row639","0"
"Row640","1"
"Row641","0"
"Row642","0"
"Row643","0"
"Row644","0"
"Row645","0"
"Row646","0"
"Row647","0"
"Row648","0"
"Row649","0"
"Row650","0"
"Row651","0"
"Row652","0"
"Row653","0"
"Row654","0"
"Row655","0"
"Row656","0"
"Row657","0"
"Row658","0"
"Row659","0"
"Row660","0"
"Row661","0"
"Row662","0"
"Row663","0"
"Row664","0"
"Row665","0"
"Row666","0"
"Row667","0"
"Row668","0"
"Row669","0"
"Row670","0"
"Row671","0"
"Row672","0"
"Row673","0"
"Row674","0"
"Row675","0"
"Row676","0"
"Row677","0"
"Row678","0"
"Row679","0"
"Row680","0"
"Row681","0"
"Row682","0"
"Row683","0"
"Row684","0"
"Row685","0"
"Row686","0"
"Row687","0"
"Row688","0"
"Row689","0"
"Row690","0"
"Row691","0"
"Row692","0"
"Row693","0"
"Row694","0"
"Row695","0"
"Row696","0"
"Row697","0"
"Row698","0"
"Row699","0"
"Row700","0"
"Row701","0"
"Row702","0"
"Row703","0"
"Row704","0"
"Row705","0"
"Row706","0"
"Row707","0"
"Row708","0"
"Row709","0"
"Row710","0"
"Row711","0"
"Row712","0"
"Row713","0"
"Row714","0"
"Row715","0"
"Row716","0"
"Row717","0"
"Row718","0"
"Row719","0"
"Row720","0"
"Row721","0"
"Row722","0"
"Row723","0"
"Row724","0"
"Row725","0"
"Row726","0"
"Row727","0"
"Row728","0"
"Row729","0"
"Row730","0"
"Row731","0"
"Row732","0"
"Row733","0"
"Row734","0"
"Row735","0"
"Row736","0"
"Row737","0"
"Row738","0"
"Row739","0"
"Row740","0"
"Row741","0"
"Row742","0"
"Row743","0"
"Row744","0"
"Row745","0"
"Row746","0"
"Row747","0"
"Row748","0"
"Row749","0"
"Row750","0"
"Row751","0"
"Row752","0"
"Row753","0"
"Row754","0"
"Row755","0"
"Row756","0"
"Row757","0"
"Row758","0"
"Row759","0"
"Row760","0"
"Row761","0"
"Row762","0"
"Row763","0"
"Row764","0"
"Row765","0"
"Row766","0"
"Row767","0"
"Row768","0"
"Row769","0"
"Row770","0"
"Row771","0"
"Row772","0"
"Row773","0"
"Row774","0"
"Row775","0"
"Row776","0"
"Row777","0"
"Row778","0"
"Row779","0"
"Row780","0"
"Row781","0"
"Row782","0"
"Row783","0"
"Row784","0"
"Row785","0"
"Row786","0"
"Row787","0"
"Row788","0"
"Row789","0"
"Row790","0"
"Row791","0"
"Row792","0"
"Row793","0"
"Row794","0"
"Row795","0"
"Row796","0"
"Row797","0"
"Row798","0"
"Row799","0"
"Row800","0"
"Row801","0"
"Row802","0"
"Row803","0"
"Row804","0"
"Row805","0"
"Row806","0"
"Row807","0"
"Row808","0"
"Row809","0"
"Row810","0"
"Row811","0"
"Row812","0"
"Row813","0"
"Row814","0"
"Row815","0"
"Row816","0"
"Row817","0"
"Row818","0"
"Row819","0"
"Row820","0"
"Row821","0"
"Row822","0"
"Row823","0"
"Row824","0"
"Row825","0"
"Row826","0"
"Row827","0"
"Row828","0"
"Row829","0"
"Row830","0"
"Row831","0"
"Row832","0"
"Row833","0"
"Row834","0"
"Row835","0"
"Row836","0"
"Row837","0"
"Row838","0"
"Row839","0"
"Row840","0"
"Row841","0"
"Row842","0"
"Row843","0"
"Row844","0"
"Row845","0"
"Row846","0"
"Row847","0"
"Row848","0"
"Row849","0"
"Row850","0"
"Row851","0"
"Row852","0"
"Row853","0"
"Row854","0"
"Row855","0"
"Row856","0"
"Row857","0"
"Row858","0"
"Row859","0"
"Row860","0"
"Row861","0"
"Row862","0"
"Row863","0"
"Row864","0"
"Row865","0"
"Row866","0"
"Row867","0"
"Row868","0"
"Row869","0"
"Row870","0"
"Row871","0"
"Row872","0"
"Row873","0"
"Row874","0"
"Row875","0"
"Row876","0"
"Row877","0"
"Row878","0"
"Row879","0"
"Row880","0"
"Row881","0"
"Row882","0"
"Row883","0"
"Row884","0"
"Row885","0"
"Row886","0"
"Row887","0"
"Row888","0"
"Row889","0"
"Row890","0"
"Row891","0"
"Row892","0"
"Row893","0"
"Row894","0"
"Row895","0"
"Row896","0"
"Row897","0"
"Row898","0"
"Row899","0"
"Row900","0"
"Row901","0"
"Row902","0"
"Row903","0"
"Row904","0"
"Row905","0"
"Row906","0"
"Row907","0"
"Row908","0"
"Row909","0"
"Row910","0"
"Row911","0"
"Row912","0"
"Row913","0"
"Row914","0"
"Row915","0"
"Row916","0"
"Row917","0"
"Row918","0"
"Row919","0"
"Row920","0"
"Row921","0"
"Row922","0"
"Row923","0"
"Row924","0"
"Row925","0"
"Row926","0"
"Row927","0"
"Row928","0"
"Row929","0"
"Row930","0"
"Row931","0"
"Row932","0"
"Row933","0"
"Row934","0"
"Row935","0"
"Row936","0"
"Row937","0"
"Row938","0"
"Row939","0"
"Row940","0"
"Row941","0"
"Row942","0"
"Row943","0"
"Row944","0"
"Row945","0"
"Row946","0"
"Row947","0"
"Row948","0"
"Row949","0"
"Row950","0"
"Row951","0"
"Row952","0"
"Row953","0"
"Row954","0"
"Row955","0"
"Row956","0"
"Row957","0"
"Row958","0"
"Row959","0"
"Row960","0"
"Row961","0"
"Row962","0"
"Row963","0"
"Row964","0"
"Row965","0"
"Row966","0"
"Row967","0"
"Row968","0"
"Row969","0"
"Row970","0"
"Row971","0"
"Row972","0"
"Row973","0"
"Row974","0"
"Row975","0"
"Row976","0"
"Row977","0"
"Row978","0"
"Row979","0"
"Row980","0"
"Row981","0"
"Row982","0"
"Row983","0"
"Row984","0"
"Row985","0"
"Row986","0"
"Row987","0"
"Row988","0"
"Row989","0"
"Row990","0"
"Row991","0"
"Row992","0"
"Row993","0"
"Row994","0"
"Row995","0"
"Row996","0"
"Row997","0"
"Row998","0"
"Row999","0"
"Row1000","0"
"Row1001","0"
"Row1002","0"
"Row1003","0"
"Row1004","0"
"Row1005","0"
"Row1006","0"
"Row1007","0"
"Row1008","0"
"Row1009","0"
"Row1010","0"
"Row1011","0"
"Row1012","0"
"Row1013","0"
"Row1014","0"
"Row1015","0"
"Row1016","0"
"Row1017","0"
"Row1018","0"
"Row1019","0"
"Row1020","0"
"Row1021","0"
"Row1022","0"
"Row1023","0"
"Row1024","0"
"Row1025","0"
"Row1026","0"
"Row1027","0"
"Row1028","0"
"Row1029","0"
"Row1030","0"
"Row1031","0"
"Row1032","0"
"Row1033","0"
"Row1034","0"
"Row1035","0"
"Row1036","0"
"Row1037","0"
"Row1038","0"
"Row1039","0"
"Row1040","0"
"Row1041","0"
"Row1042","0"
"Row1043","0"
"Row1044","0"
"Row1045","0"
"Row1046","0"
"Row1047","0"
"Row1048","0"
"Row1049","0"
"Row1050","0"
"Row1051","0"
"Row1052","0"
"Row1053","0"
"Row1054","0"
"Row1055","0"
"Row1056","0"
"Row1057","0"
"Row1058","0"
"Row1059","0"
"Row1060","0"
"Row1061","0"
"Row1062","0"
"Row1063","0"
"Row1064","0"
"Row1065","0"
"Row1066","0"
"Row1067","0"
"Row1068","0"
"Row1069","0"
"Row1070","0"
"Row1071","0"
"Row1072","0"
"Row1073","0"
"Row1074","0"
"Row1075","0"
"Row1076","0"
"Row1077","0"
"Row1078","0"
"Row1079","0"
"Row1080","0"
"Row1081","0"
"Row1082","0"
"Row1083","0"
"Row1084","0"
"Row1085","0"
"Row1086","0"
"Row1087","0"
"Row1088","0"
"Row1089","0"
"Row1090","0"
"Row1091","0"
"Row1092","0"
"Row1093","0"
"Row1094","0"
"Row1095","0"
"Row1096","0"
"Row1097","0"
"Row1098","0"
"Row1099","0"
"Row1100","0"
"Row1101","0"
"Row1102","0"
"Row1103","0"
"Row1104","0"
"Row1105","0"
"Row1106","0"
"Row1107","0"
"Row1108","0"
"Row1109","0"
"Row1110","0"
"Row1111","0"
"Row1112","0"
"Row1113","0"
"Row1114","0"
"Row1115","0"
"Row1116","0"
"Row1117","0"
"Row1118","0"
"Row1119","0"
"Row1120","0"
"Row1121","0"
"Row1122","0"
"Row1123","0"
"Row1124","0"
"Row1125","0"
"Row1126","0"
"Row1127","0"
"Row1128","0"
"Row1129","0"
"Row1130","0"
"Row1131","0"
"Row1132","0"
"Row1133","0"
"Row1134","0"
"Row1135","0"
"Row1136","0"
"Row1137","0"
"Row1138","0"
"Row1139","0"
"Row1140","0"
"Row1141","0"
"Row1142","0"
"Row1143","0"
"Row1144","0"
"Row1145","0"
"Row1146","0"
"Row1147","0"
"Row1148","0"
"Row1149","0"
"Row1150","0"
"Row1151","0"
"Row1152","0"
"Row1153","0"
"Row1154","0"
"Row1155","0"
"Row1156","0"
"Row1157","0"
"Row1158","0"
"Row1159","0"
"Row1160","0"
"Row1161","0"
"Row1162","0"
"Row1163","0"
"Row1164","0"
"Row1165","0"
"Row1166","0"
"Row1167","0"
"Row1168","0"
"Row1169","0"
"Row1170","0"
"Row1171","0"
"Row1172","0"
"Row1173","0"
"Row1174","0"
"Row1175","0"
"Row1176","0"
"Row1177","0"
"Row1178","0"
"Row1179","0"
"Row1180","0"
"Row1181","0"
"Row1182","0"
"Row1183","0"
"Row1184","0"
"Row1185","0"
"Row1186","0"
"Row1187","0"
"Row1188","0"
"Row1189","0"
"Row1190","0"
"Row1191","0"
"Row1192","0"
"Row1193","0"
"Row1194","0"
"Row1195","0"
"Row1196","0"
"Row1197","0"
"Row1198","0"
"Row1199","0"
"Row1200","0"
"Row1201","0"
"Row1202","0"
"Row1203","0"
"Row1204","0"
"Row1205","0"
"Row1206","0"
"Row1207","0"
"Row1208","0"
"Row1209","0"
"Row1210","0"
"Row1211","0"
"Row1212","0"
"Row1213","0"
"Row1214","0"
"Row1215","0"
"Row1216","0"
"Row1217","0"
"Row1218","0"
"Row1219","0"
"Row1220","0"
"Row1221","0"
"Row1222","0"
"Row1223","0"
"Row1224","0"
"Row1225","0"
"Row1226","0"
"Row1227","0"
"Row1228","0"
"Row1229","0"
"Row1230","0"
"Row1231","0"
"Row1232","0"
"Row1233","0"
"Row1234","0"
"Row1235","0"
"Row1236","0"
"Row1237","0"
"Row1238","0"
"Row1239","0"
"Row1240","0"
"Row1241","0"
"Row1242","0"
"Row1243","0"
"Row1244","0"
"Row1245","0"
"Row1246","0"
"Row1247","0"
"Row1248","0"
"Row1249","0"
"Row1250","0"
"Row1251","0"
"Row1252","0"
"Row1253","0"
"Row1254","0"
"Row1255","0"
"Row1256","0"
"Row1257","0"
"Row1258","0"
"Row1259","0"
"Row1260","0"
"Row1261","0"
"Row1262","0"
"Row1263","0"
"Row1264","0"
"Row1265","0"
"Row1266","0"
"Row1267","0"
"Row1268","0"
"Row1269","0"
"Row1270","0"
"Row1271","0"
"Row1272","0"
"Row1273","0"
"Row1274","0"
"Row1275","0"
"Row1276","0"
"Row1277","0"
"Row1278","0"
"Row1279","0"
"Row1280","0"
"Row1281","0"
"Row1282","0"
"Row1283","0"
"Row1284","0"
"Row1285","0"
"Row1286","0"
"Row1287","0"
"Row1288","0"
"Row1289","0"
"Row1290","0"
"Row1291","0"
"Row1292","0"
"Row1293","0"
"Row1294","0"
"Row1295","0"
"Row1296","0"
"Row1297","0"
"Row1298","0"
"Row1299","0"
"Row1300","0"
"Row1301","0"
"Row1302","0"
"Row1303","0"
"Row1304","0"
"Row1305","0"
"Row1306","0"
"Row1307","0"
"Row1308","0"
"Row1309","0"
"Row1310","0"
"Row1311","0"
"Row1312","0"
"Row1313","0"
"Row1314","0"
"Row1315","0"
"Row1316","0"
"Row1317","0"
"Row1318","0"
"Row1319","0"
"Row1320","0"
"Row1321","0"
"Row1322","0"
"Row1323","0"
"Row1324","0"
"Row1325","0"
"Row1326","0"
"Row1327","0"
"Row1328","0"
"Row1329","0"
"Row1330","0"
"Row1331","0"
"Row1332","0"
"Row1333","0"
"Row1334","0"
"Row1335","0"
"Row1336","0"
"Row1337","0"
"Row1338","0"
"Row1339","0"
"Row1340","0"
"Row1341","0"
"Row1342","0"
"Row1343","0"
"Row1344","0"
"Row1345","0"
"Row1346","0"
"Row1347","0"
"Row1348","0"
"Row1349","0"
"Row1350","0"
"Row1351","0"
"Row1352","0"
"Row1353","0"
"Row1354","0"
"Row1355","0"
"Row1356","0"
"Row1357","0"
"Row1358","0"
"Row1359","0"
"Row1360","0"
"Row1361","0"
"Row1362","0"
"Row1363","0"
"Row1364","0"
"Row1365","0"
"Row1366","0"
"Row1367","0"
"Row1368","0"
"Row1369","0"
"Row1370","0"
"Row1371","0"
"Row1372","0"
"Row1373","0"
"Row1374","0"
"Row1375","0"
"Row1376","0"
"Row1377","0"
"Row1378","0"
"Row1379","0"
"Row1380","0"
"Row1381","0"
"Row1382","0"
"Row1383","0"
"Row1384","0"
"Row1385","0"
"Row1386","0"
"Row1387","0"
"Row1388","0"
"Row1389","0"
"Row1390","0"
"Row1391","0"
"Row1392","0"
"Row1393","0"
"Row1394","0"
"Row1395","0"
"Row1396","0"
"Row1397","0"
"Row1398","0"
"Row1399","0"
"Row1400","0"
"Row1401","0"
"Row1402","0"
"Row1403","0"
"Row1404","0"
"Row1405","0"
"Row1406","0"
"Row1407","0"
"Row1408","0"
"Row1409","0"
"Row1410","0"
"Row1411","0"
"Row1412","0"
"Row1413","0"
"Row1414","0"
"Row1415","0"
"Row1416","0"
"Row1417","0"
"Row1418","0"
"Row1419","0"
"Row1420","0"
"Row1421","0"
"Row1422","0"
"Row1423","0"
"Row1424","0"
"Row1425","0"
"Row1426","0"
"Row1427","0"
"Row1428","0"
"Row1429","0"
"Row1430","0"
"Row1431","0"
"Row1432","0"
"Row1433","0"
"Row1434","0"
"Row1435","0"
"Row1436","0"
"Row1437","0"
"Row1438","0"
"Row1439","0"
"Row1440","0"
"Row1441","0"
"Row1442","0"
"Row1443","0"
"Row1444","0"
"Row1445","0"
"Row1446","0"
"Row1447","0"
"Row1448","0"
"Row1449","0"
"Row1450","0"
"Row1451","0"
"Row1452","0"
"Row1453","0"
"Row1454","0"
"Row1455","0"
"Row1456","0"
"Row1457","0"
"Row1458","0"
"Row1459","0"
"Row1460","0"
"Row1461","0"
"Row1462","0"
"Row1463","0"
"Row1464","0"
"Row1465","0"
"Row1466","0"
"Row1467","0"
"Row1468","0"
"Row1469","0"
"Row1470","0"
"Row1471","0"
"Row1472","0"
"Row1473","0"
"Row1474","0"
"Row1475","0"
"Row1476","0"
"Row1477","0"
"Row1478","0"
"Row1479","0"
"Row1480","0"
"Row1481","0"
"Row1482","0"
"Row1483","0"
"Row1484","0"
"Row1485","0"
"Row1486","0"
"Row1487","0"
"Row1488","0"
"Row1489","0"
"Row1490","0"
"Row1491","0"
"Row1492","0"
"Row1493","0"
"Row1494","0"
"Row1495","0"
"Row1496","0"
"Row1497","0"
"Row1498","0"
"Row1499","0"
"Row1500","0"
"Row1501","0"
"Row1502","0"
"Row1503","0"
"Row1504","0"
"Row1505","0"
"Row1506","0"
"Row1507","0"
"Row1508","0"
"Row1509","0"
"Row1510","0"
"Row1511","0"
"Row1512","0"
"Row1513","0"
"Row1514","0"
"Row1515","0"
"Row1516","0"
"Row1517","0"
"Row1518","0"
"Row1519","0"
"Row1520","0"
"Row1521","0"
"Row1522","0"
"Row1523","0"
"Row1524","1"
"Row1525","0"
"Row1526","0"
"Row1527","0"
"Row1528","0"
"Row1529","0"
"Row1530","0"
"Row1531","0"
"Row1532","0"
"Row1533","0"
"Row1534","0"
"Row1535","0"
"Row1536","0"
"Row1537","0"
"Row1538","0"
"Row1539","0"
"Row1540","0"
"Row1541","0"
"Row1542","0"
"Row1543","0"
"Row1544","0"
"Row1545","0"
"Row1546","0"
"Row1547","0"
"Row1548","0"
"Row1549","0"
"Row1550","0"
"Row1551","0"
"Row1552","0"
"Row1553","0"
"Row1554","0"
"Row1555","0"
"Row1556","0"
"Row1557","0"
"Row1558","0"
"Row1559","0"
"Row1560","0"
"Row1561","0"
"Row1562","0"
"Row1563","0"
"Row1564","0"
"Row1565","0"
"Row1566","0"
"Row1567","0"
"Row1568","0"
"Row1569","0"
"Row1570","0"
"Row1571","0"
"Row1572","0"
"Row1573","0"
"Row1574","0"
"Row1575","0"
"Row1576","0"
"Row1577","0"
"Row1578","0"
"Row1579","0"
"Row1580","0"
"Row1581","0"
"Row1582","0"
"Row1583","0"
"Row1584","0"
"Row1585","0"
"Row1586","0"
"Row1587","0"
"Row1588","0"
"Row1589","0"
"Row1590","0"
"Row1591","0"
"Row1592","0"
"Row1593","0"
"Row1594","0"
"Row1595","0"
"Row1596","0"
"Row1597","0"
"Row1598","0"
"Row1599","0"
"Row1600","0"
"Row1601","0"
"Row1602","0"
"Row1603","0"
"Row1604","0"
"Row1605","0"
"Row1606","0"
"Row1607","0"
"Row1608","0"
"Row1609","0"
"Row1610","0"
"Row1611","0"
"Row1612","0"
"Row1613","0"
"Row1614","0"
"Row1615","0"
"Row1616","0"
"Row1617","0"
"Row1618","0"
"Row1619","0"
"Row1620","0"
"Row1621","0"
"Row1622","0"
"Row1623","0"
"Row1624","0"
"Row1625","0"
"Row1626","0"
"Row1627","0"
"Row1628","0"
"Row1629","0"
"Row1630","0"
"Row1631","0"
"Row1632","0"
"Row1633","0"
"Row1634","0"
"Row1635","0"
"Row1636","0"
"Row1637","0"
"Row1638","0"
"Row1639","0"
"Row1640","0"
"Row1641","0"
"Row1642","0"
"Row1643","0"
"Row1644","0"
"Row1645","0"
"Row1646","0"
"Row1647","0"
"Row1648","0"
"Row1649","0"
"Row1650","0"
"Row1651","0"
"Row1652","0"
"Row1653","0"
"Row1654","0"
"Row1655","0"
"Row1656","0"
"Row1657","0"
"Row1658","0"
"Row1659","0"
"Row1660","0"
"Row1661","0"
"Row1662","0"
"Row1663","0"
"Row1664","0"
"Row1665","0"
"Row1666","0"
"Row1667","0"
"Row1668","0"
"Row1669","0"
"Row1670","0"
"Row1671","0"
"Row1672","0"
"Row1673","0"
"Row1674","0"
"Row1675","0"
"Row1676","0"
"Row1677","0"
"Row1678","0"
"Row1679","0"
"Row1680","0"
"Row1681","0"
"Row1682","0"
"Row1683","0"
"Row1684","0"
"Row1685","0"
"Row1686","0"
"Row1687","0"
"Row1688","0"
"Row1689","0"
"Row1690","0"
"Row1691","0"
"Row1692","0"
"Row1693","0"
"Row1694","0"
"Row1695","0"
"Row1696","0"
"Row1697","0"
"Row1698","0"
"Row1699","0"
"Row1700","0"
"Row1701","0"
"Row1702","0"
"Row1703","0"
"Row1704","0"
"Row1705","0"
"Row1706","0"
"Row1707","0"
"Row1708","0"
"Row1709","0"
"Row1710","0"
"Row1711","0"
"Row1712","0"
"Row1713","0"
"Row1714","0"
"Row1715","0"
"Row1716","0"
"Row1717","0"
"Row1718","0"
"Row1719","0"
"Row1720","0"
"Row1721","0"
"Row1722","0"
"Row1723","0"
"Row1724","0"
"Row1725","0"
"Row1726","0"
"Row1727","0"
"Row1728","0"
"Row1729","0"
"Row1730","0"
"Row1731","0"
"Row1732","0"
"Row1733","0"
"Row1734","0"
"Row1735","0"
"Row1736","0"
"Row1737","0"
"Row1738","0"
"Row1739","0"
"Row1740","0"
"Row1741","0"
"Row1742","0"
"Row1743","0"
"Row1744","0"
"Row1745","0"
"Row1746","0"
"Row1747","0"
"Row1748","0"
"Row1749","0"
"Row1750","0"
"Row1751","0"
"Row1752","0"
"Row1753","0"
"Row1754","0"
"Row1755","0"
"Row1756","0"
"Row1757","0"
"Row1758","0"
"Row1759","0"
"Row1760","0"
"Row1761","0"
"Row1762","0"
"Row1763","0"
"Row1764","0"
"Row1765","0"
"Row1766","0"
"Row1767","0"
"Row1768","0"
"Row1769","0"
"Row1770","0"
"Row1771","0"
"Row1772","0"
"Row1773","0"
"Row1774","0"
"Row1775","0"
"Row1776","0"
"Row1777","0"
"Row1778","0"
"Row1779","0"
"Row1780","0"
"Row1781","0"
"Row1782","0"
"Row1783","0"
"Row1784","0"
"Row1785","0"
"Row1786","0"
"Row1787","0"
"Row1788","0"
"Row1789","0"
"Row1790","0"
"Row1791","0"
"Row1792","0"
"Row1793","0"
"Row1794","0"
"Row1795","0"
"Row1796","0"
"Row1797","0"
"Row1798","0"
"Row1799","0"
"Row1800","0"
"Row1801","0"
"Row1802","0"
"Row1803","0"
"Row1804","0"
"Row1805","0"
"Row1806","0"
"Row1807","0"
"Row1808","0"
"Row1809","0"
"Row1810","0"
"Row1811","0"
"Row1812","0"
"Row1813","0"
"Row1814","0"
"Row1815","0"
"Row1816","0"
"Row1817","0"
"Row1818","0"
"Row1819","0"
"Row1820","0"
"Row1821","0"
"Row1822","0"
"Row1823","0"
"Row1824","0"
"Row1825","0"
"Row1826","0"
"Row1827","0"
"Row1828","0"
"Row1829","0"
"Row1830","0"
"Row1831","0"
"Row1832","0"
"Row1833","0"
"Row1834","0"
"Row1835","0"
"Row1836","0"
"Row1837","0"
"Row1838","0"
"Row1839","0"
"Row1840","0"
"Row1841","0"
"Row1842","0"
"Row1843","0"
"Row1844","0"
"Row1845","0"
"Row1846","0"
"Row1847","0"
"Row1848","0"
"Row1849","0"
"Row1850","0"
"Row1851","0"
"Row1852","0"
"Row1853","0"
"Row1854","0"
"Row1855","0"
"Row1856","0"
"Row1857","0"
"Row1858","0"
"Row1859","0"
"Row1860","0"
"Row1861","0"
"Row1862","0"
"Row1863","0"
"Row1864","0"
"Row1865","0"
"Row1866","0"
"Row1867","0"
"Row1868","0"
"Row1869","0"
"Row1870","0"
"Row1871","0"
"Row1872","0"
"Row1873","0"
"Row1874","0"
"Row1875","0"
"Row1876","0"
"Row1877","0"
"Row1878","0"
"Row1879","0"
"Row1880","0"
"Row1881","0"
"Row1882","0"
"Row1883","0"
"Row1884","0"
"Row1885","0"
"Row1886","0"
"Row1887","0"
"Row1888","0"
"Row1889","0"
"Row1890","0"
"Row1891","0"
"Row1892","0"
"Row1893","0"
"Row1894","0"
"Row1895","0"
"Row1896","0"
"Row1897","0"
"Row1898","0"
"Row1899","0"
"Row1900","0"
"Row1901","0"
"Row1902","0"
"Row1903","0"
"Row1904","0"
"Row1905","0"
"Row1906","0"
"Row1907","0"
"Row1908","0"
"Row1909","0"
"Row1910","0"
"Row1911","0"
"Row1912","0"
"Row1913","0"
"Row1914","0"
"Row1915","0"
"Row1916","0"
"Row1917","0"
"Row1918","0"
"Row1919","0"
"Row1920","0"
"Row1921","0"
"Row1922","0"
"Row1923","0"
"Row1924","0"
"Row1925","0"
"Row1926","0"
"Row1927","0"
"Row1928","0"
"Row1929","0"
"Row1930","0"
"Row1931","0"
"Row1932","0"
"Row1933","0"
"Row1934","0"
"Row1935","0"
"Row1936","0"
"Row1937","0"
"Row1938","0"
"Row1939","0"
"Row1940","0"
"Row1941","0"
"Row1942","0"
"Row1943","0"
"Row1944","0"
"Row1945","0"
"Row1946","0"
"Row1947","0"
"Row1948","0"
"Row1949","0"
"Row1950","0"
"Row1951","0"
"Row1952","0"
"Row1953","0"
"Row1954","0"
"Row1955","0"
"Row1956","0"
"Row1957","0"
"Row1958","0"
"Row1959","0"
"Row1960","0"
"Row1961","0"
"Row1962","0"
"Row1963","1"
"Row1964","0"
"Row1965","0"
"Row1966","0"
"Row1967","0"
"Row1968","0"
"Row1969","0"
"Row1970","0"
"Row1971","0"
"Row1972","0"
"Row1973","0"
"Row1974","0"
"Row1975","0"
"Row1976","0"
"Row1977","0"
"Row1978","0"
"Row1979","0"
"Row1980","0"
"Row1981","0"
"Row1982","0"
"Row1983","0"
"Row1984","0"
"Row1985","0"
"Row1986","0"
"Row1987","0"
"Row1988","0"
"Row1989","0"
"Row1990","0"
"Row1991","0"
"Row1992","0"
"Row1993","0"
"Row1994","0"
"Row1995","0"
"Row1996","0"
"Row1997","0"
"Row1998","0"
"Row1999","0"
"Row2000","0"
"Row2001","0"
"Row2002","0"
"Row2003","0"
"Row2004","0"
"Row2005","0"
"Row2006","0"
"Row2007","0"
"Row2008","0"
"Row2009","0"
"Row2010","0"
"Row2011","0"
"Row2012","0"
"Row2013","0"
"Row2014","0"
"Row2015","0"
"Row2016","0"
"Row2017","0"
"Row2018","0"
"Row2019","0"
"Row2020","0"
"Row2021","0"
"Row2022","0"
"Row2023","0"
"Row2024","0"
"Row2025","0"
"Row2026","0"
"Row2027","0"
"Row2028","0"
"Row2029","0"
"Row2030","0"
"Row2031","0"
"Row2032","0"
"Row2033","0"
"Row2034","0"
"Row2035","0"
"Row2036","0"
"Row2037","0"
"Row2038","0"
"Row2039","0"
"Row2040","0"
"Row2041","0"
"Row2042","0"
"Row2043","0"
"Row2044","0"
"Row2045","0"
"Row2046","0"
"Row2047","0"
"Row2048","0"
"Row2049","0"
"Row2050","0"
"Row2051","0"
"Row2052","0"
"Row2053","0"
"Row2054","0"
"Row2055","0"
"Row2056","0"
"Row2057","0"
"Row2058","0"
"Row2059","0"
"Row2060","0"
"Row2061","0"
"Row2062","0"
"Row2063","0"
"Row2064","0"
"Row2065","0"
"Row2066","0"
"Row2067","0"
"Row2068","0"
"Row2069","0"
"Row2070","0"
"Row2071","0"
"Row2072","0"
"Row2073","0"
"Row2074","0"
"Row2075","0"
"Row2076","0"
"Row2077","0"
"Row2078","0"
"Row2079","0"
"Row2080","0"
"Row2081","0"
"Row2082","0"
"Row2083","0"
"Row2084","0"
"Row2085","0"
"Row2086","0"
"Row2087","0"
"Row2088","0"
"Row2089","0"
"Row2090","0"
"Row2091","0"
"Row2092","0"
"Row2093","0"
"Row2094","0"
"Row2095","0"
"Row2096","0"
"Row2097","0"
"Row2098","0"
"Row2099","0"
"Row2100","0"
"Row2101","0"
"Row2102","0"
"Row2103","0"
"Row2104","0"
"Row2105","0"
"Row2106","0"
"Row2107","0"
"Row2108","0"
"Row2109","0"
"Row2110","0"
"Row2111","0"
"Row2112","0"
"Row2113","0"
"Row2114","0"
"Row2115","0"
"Row2116","0"
"Row2117","0"
"Row2118","0"
"Row2119","0"
"Row2120","0"
"Row2121","0"
"Row2122","0"
"Row2123","0"
"Row2124","0"
"Row2125","0"
"Row2126","0"
"Row2127","0"
"Row2128","0"
"Row2129","0"
"Row2130","0"
"Row2131","0"
"Row2132","0"
"Row2133","0"
"Row2134","0"
"Row2135","0"
"Row2136","0"
"Row2137","0"
"Row2138","0"
"Row2139","0"
"Row2140","0"
"Row2141","0"
"Row2142","0"
"Row2143","0"
"Row2144","0"
"Row2145","0"
"Row2146","0"
"Row2147","0"
"Row2148","0"
"Row2149","0"
"Row2150","0"
"Row2151","0"
"Row2152","0"
"Row2153","0"
"Row2154","0"
"Row2155","0"
"Row2156","0"
"Row2157","0"
"Row2158","0"
"Row2159","0"
"Row2160","0"
"Row2161","0"
"Row2162","0"
"Row2163","0"
"Row2164","0"
"Row2165","0"
"Row2166","0"
"Row2167","0"
"Row2168","0"
"Row2169","0"
"Row2170","0"
"Row2171","0"
"Row2172","0"
"Row2173","0"
"Row2174","0"
"Row2175","0"
"Row2176","0"
"Row2177","0"
"Row2178","0"
"Row2179","0"
"Row2180","0"
"Row2181","0"
"Row2182","0"
"Row2183","0"
"Row2184","0"
"Row2185","0"
"Row2186","0"
"Row2187","0"
"Row2188","0"
"Row2189","0"
"Row2190","0"
"Row2191","0"
"Row2192","0"
"Row2193","0"
"Row2194","0"
"Row2195","0"
"Row2196","0"
"Row2197","0"
"Row2198","0"
"Row2199","0"
"Row2200","0"
"Row2201","0"
"Row2202","0"
"Row2203","0"
"Row2204","0"
"Row2205","0"
"Row2206","0"
"Row2207","0"
"Row2208","0"
"Row2209","0"
"Row2210","0"
"Row2211","0"
"Row2212","0"
"Row2213","0"
"Row2214","0"
"Row2215","0"
"Row2216","0"
"Row2217","0"
"Row2218","0"
"Row2219","0"
"Row2220","0"
"Row2221","0"
"Row2222","0"
"Row2223","0"
"Row2224","0"
"Row2225","0"
"Row2226","0"
"Row2227","0"
"Row2228","0"
"Row2229","0"
"Row2230","0"
"Row2231","0"
"Row2232","0"
"Row2233","0"
"Row2234","0"
"Row2235","0"
"Row2236","0"
"Row2237","0"
"Row2238","0"
"Row2239","0"
"Row2240","0"
"Row2241","0"
"Row2242","0"
"Row2243","0"
"Row2244","0"
"Row2245","0"
"Row2246","0"
"Row2247","0"
"Row2248","0"
"Row2249","0"
"Row2250","0"
"Row2251","0"
"Row2252","0"
"Row2253","0"
"Row2254","0"
"Row2255","0"
"Row2256","0"
"Row2257","0"
"Row2258","0"
"Row2259","0"
"Row2260","0"
"Row2261","0"
"Row2262","0"
"Row2263","0"
"Row2264","0"
"Row2265","0"
"Row2266","0"
"Row2267","0"
"Row2268","0"
"Row2269","0"
"Row2270","0"
"Row2271","0"
"Row2272","0"
"Row2273","0"
"Row2274","0"
"Row2275","0"
"Row2276","0"
"Row2277","0"
"Row2278","0"
"Row2279","0"
"Row2280","0"
"Row2281","0"
"Row2282","0"
"Row2283","0"
"Row2284","0"
"Row2285","0"
"Row2286","0"
"Row2287","0"
"Row2288","0"
"Row2289","0"
"Row2290","0"
"Row2291","0"
"Row2292","0"
"Row2293","0"
"Row2294","0"
"Row2295","0"
"Row2296","0"
"Row2297","0"
"Row2298","0"
"Row2299","0"
"Row2300","0"
"Row2301","0"
"Row2302","0"
"Row2303","0"
"Row2304","0"
"Row2305","0"
"Row2306","0"
"Row2307","0"
"Row2308","0"
"Row2309","0"
"Row2310","0"
"Row2311","0"
"Row2312","0"
"Row2313","0"
"Row2314","0"
"Row2315","0"
"Row2316","0"
"Row2317","0"
"Row2318","0"
"Row2319","0"
"Row2320","0"
"Row2321","0"
"Row2322","0"
"Row2323","0"
"Row2324","0"
"Row2325","0"
"Row2326","0"
"Row2327","0"
"Row2328","0"
"Row2329","0"
"Row2330","0"
"Row2331","0"
"Row2332","0"
"Row2333","0"
"Row2334","0"
"Row2335","0"
"Row2336","0"
"Row2337","0"
"Row2338","0"
"Row2339","0"
"Row2340","0"
"Row2341","0"
"Row2342","0"
"Row2343","0"
"Row2344","0"
"Row2345","0"
"Row2346","0"
"Row2347","0"
"Row2348","0"
"Row2349","0"
"Row2350","0"
"Row2351","0"
"Row2352","0"
"Row2353","0"
"Row2354","0"
"Row2355","0"
"Row2356","0"
"Row2357","0"
"Row2358","0"
"Row2359","0"
"Row2360","0"
"Row2361","0"
"Row2362","0"
"Row2363","0"
"Row2364","0"
"Row2365","0"
"Row2366","0"
"Row2367","0"
"Row2368","0"
"Row2369","0"
"Row2370","0"
"Row2371","0"
"Row2372","0"
"Row2373","0"
"Row2374","0"
"Row2375","0"
"Row2376","0"
"Row2377","0"
"Row2378","0"
"Row2379","0"
"Row2380","0"
"Row2381","0"
"Row2382","0"
"Row2383","0"
"Row2384","0"
"Row2385","0"
"Row2386","0"
"Row2387","0"
"Row2388","0"
"Row2389","0"
"Row2390","0"
"Row2391","0"
"Row2392","0"
"Row2393","0"
"Row2394","0"
"Row2395","0"
"Row2396","0"
"Row2397","0"
"Row2398","0"
"Row2399","0"
"Row2400","0"
"Row2401","0"
"Row2402","0"
"Row2403","0"
"Row2404","0"
"Row2405","0"
"Row2406","0"
"Row2407","0"
"Row2408","0"
"Row2409","0"
"Row2410","0"
"Row2411","0"
"Row2412","0"
"Row2413","0"
"Row2414","0"
"Row2415","0"
"Row2416","0"
"Row2417","0"
"Row2418","0"
"Row2419","0"
"Row2420","0"
"Row2421","0"
"Row2422","0"
"Row2423","0"
"Row2424","0"
"Row2425","0"
"Row2426","0"
"Row2427","0"
"Row2428","0"
"Row2429","0"
"Row2430","0"
"Row2431","0"
"Row2432","0"
"Row2433","0"
"Row2434","0"
"Row2435","0"
"Row2436","0"
"Row2437","0"
"Row2438","0"
"Row2439","0"
"Row2440","0"
"Row2441","0"
"Row2442","0"
"Row2443","0"
"Row2444","0"
"Row2445","0"
"Row2446","0"
"Row2447","0"
"Row2448","0"
"Row2449","0"
"Row2450","0"
"Row2451","0"
"Row2452","0"
"Row2453","0"
"Row2454","0"
"Row2455","0"
"Row2456","0"
"Row2457","0"
"Row2458","0"
"Row2459","0"
"Row2460","0"
"Row2461","0"
"Row2462","0"
"Row2463","0"
"Row2464","0"
"Row2465","0"
"Row2466","0"
"Row2467","0"
"Row2468","0"
"Row2469","0"
"Row2470","0"
"Row2471","0"
"Row2472","0"
"Row2473","0"
"Row2474","0"
"Row2475","0"
"Row2476","0"
"Row2477","0"
"Row2478","0"
"Row2479","0"
"Row2480","0"
"Row2481","0"
"Row2482","0"
"Row2483","0"
"Row2484","0"
"Row2485","0"
"Row2486","0"
"Row2487","0"
"Row2488","0"
"Row2489","0"
"Row2490","0"
"Row2491","0"
"Row2492","0"
"Row2493","0"
"Row2494","0"
"Row2495","0"
"Row2496","0"
"Row2497","0"
"Row2498","0"
"Row2499","0"
"Row2500","0"
"Row2501","0"
"Row2502","0"
"Row2503","0"
"Row2504","0"
"Row2505","0"
"Row2506","0"
"Row2507","0"
"Row2508","0"
"Row2509","0"
"Row2510","0"
"Row2511","0"
"Row2512","0"
"Row2513","0"
"Row2514","0"
"Row2515","0"
"Row2516","0"
"Row2517","0"
"Row2518","0"
"Row2519","0"
"Row2520","0"
"Row2521","0"
"Row2522","0"
"Row2523","0"
"Row2524","0"
"Row2525","0"
"Row2526","0"
"Row2527","0"
"Row2528","0"
"Row2529","0"
"Row2530","0"
"Row2531","0"
"Row2532","0"
"Row2533","0"
"Row2534","0"
"Row2535","0"
"Row2536","0"
"Row2537","0"
"Row2538","0"
"Row2539","0"
"Row2540","0"
"Row2541","0"
"Row2542","0"
"Row2543","0"
"Row2544","0"
"Row2545","0"
"Row2546","0"
"Row2547","0"
"Row2548","0"
"Row2549","0"
"Row2550","0"
"Row2551","0"
"Row2552","0"
"Row2553","0"
"Row2554","0"
"Row2555","0"
"Row2556","0"
"Row2557","0"
"Row2558","0"
"Row2559","0"
"Row2560","0"
"Row2561","0"
"Row2562","0"
"Row2563","0"
"Row2564","0"
"Row2565","0"
"Row2566","0"
"Row2567","0"
"Row2568","0"
"Row2569","0"
"Row2570","0"
"Row2571","0"
"Row2572","0"
"Row2573","0"
"Row2574","0"
"Row2575","0"
"Row2576","0"
"Row2577","0"
"Row2578","0"
"Row2579","0"
"Row2580","0"
"Row2581","0"
"Row2582","0"
"Row2583","0"
"Row2584","0"
"Row2585","0"
"Row2586","0"
"Row2587","0"
"Row2588","0"
"Row2589","0"
"Row2590","0"
"Row2591","0"
"Row2592","0"
"Row2593","0"
"Row2594","0"
"Row2595","0"
"Row2596","0"
"Row2597","0"
"Row2598","0"
"Row2599","0"
"Row2600","0"
"Row2601","0"
"Row2602","0"
"Row2603","0"
"Row2604","0"
"Row2605","0"
"Row2606","0"
"Row2607","0"
"Row2608","0"
"Row2609","0"
"Row2610","0"
"Row2611","0"
"Row2612","0"
"Row2613","0"
"Row2614","0"
"Row2615","0"
"Row2616","0"
"Row2617","0"
"Row2618","0"
"Row2619","0"
"Row2620","0"
"Row2621","0"
"Row2622","0"
"Row2623","0"
"Row2624","0"
"Row2625","0"
"Row2626","0"
"Row2627","0"
"Row2628","0"
"Row2629","0"
"Row2630","0"
"Row2631","0"
"Row2632","0"
"Row2633","0"
"Row2634","0"
"Row2635","0"
"Row2636","0"
"Row2637","0"
"Row2638","0"
"Row2639","0"
"Row2640","0"
"Row2641","0"
"Row2642","0"
"Row2643","0"
"Row2644","0"
"Row2645","0"
"Row2646","0"
"Row2647","0"
"Row2648","0"
"Row2649","0"
"Row2650","0"
"Row2651","0"
"Row2652","0"
"Row2653","0"
"Row2654","0"
"Row2655","0"
"Row2656","0"
"Row2657","0"
"Row2658","0"
"Row2659","0"
"Row2660","0"
"Row2661","0"
"Row2662","0"
"Row2663","0"
"Row2664","0"
"Row2665","0"
"Row2666","0"
"Row2667","0"
"Row2668","0"
"Row2669","0"
"Row2670","0"
"Row2671","0"
"Row2672","0"
"Row2673","0"
"Row2674","0"
"Row2675","0"
"Row2676","0"
"Row2677","0"
"Row2678","0"
"Row2679","0"
"Row2680","0"
"Row2681","0"
"Row2682","0"
"Row2683","0"
"Row2684","0"
"Row2685","0"
"Row2686","0"
"Row2687","0"
"Row2688","0"
"Row2689","0"
"Row2690","0"
"Row2691","0"
"Row2692","0"
"Row2693","0"
"Row2694","0"
"Row2695","0"
"Row2696","0"
"Row2697","0"
"Row2698","0"
"Row2699","0"
"Row2700","0"
"Row2701","0"
"Row2702","0"
"Row2703","0"
"Row2704","0"
"Row2705","0"
"Row2706","0"
"Row2707","0"
"Row2708","0"
"Row2709","0"
"Row2710","0"
"Row2711","0"
"Row2712","0"
"Row2713","0"
"Row2714","0"
"Row2715","0"
"Row2716","0"
"Row2717","0"
"Row2718","0"
"Row2719","0"
"Row2720","0"
"Row2721","0"
"Row2722","0"
"Row2723","0"
"Row2724","0"
"Row2725","0"
"Row2726","0"
"Row2727","0"
"Row2728","0"
"Row2729","0"
"Row2730","0"
"Row2731","0"
"Row2732","0"
"Row2733","0"
"Row2734","0"
"Row2735","0"
"Row2736","0"
"Row2737","0"
"Row2738","0"
"Row2739","0"
"Row2740","0"
"Row2741","0"
"Row2742","0"
"Row2743","0"
"Row2744","0"
"Row2745","0"
"Row2746","0"
"Row2747","0"
"Row2748","0"
"Row2749","0"
"Row2750","0"
"Row2751","0"
"Row2752","0"
"Row2753","0"
"Row2754","0"
"Row2755","0"
"Row2756","0"
"Row2757","0"
"Row2758","0"
"Row2759","0"
"Row2760","0"
"Row2761","0"
"Row2762","0"
"Row2763","0"
"Row2764","0"
"Row2765","0"
"Row2766","0"
"Row2767","0"
"Row2768","0"
"Row2769","0"
"Row2770","0"
"Row2771","0"
"Row2772","0"
"Row2773","0"
"Row2774","0"
"Row2775","0"
"Row2776","0"
"Row2777","0"
"Row2778","0"
"Row2779","0"
"Row2780","0"
"Row2781","0"
"Row2782","0"
"Row2783","0"
"Row2784","0"
"Row2785","0"
"Row2786","0"
"Row2787","0"
"Row2788","0"
"Row2789","0"
"Row2790","0"
"Row2791","0"
"Row2792","0"
"Row2793","0"
"Row2794","0"
"Row2795","0"
"Row2796","0"
"Row2797","0"
"Row2798","0"
"Row2799","0"
"Row2800","0"
"Row2801","0"
"Row2802","0"
"Row2803","0"
"Row2804","0"
"Row2805","0"
"Row2806","0"
"Row2807","0"
"Row2808","0"
"Row2809","0"
"Row2810","0"
"Row2811","0"
"Row2812","0"
"Row2813","0"
"Row2814","0"
"Row2815","0"
"Row2816","0"
"Row2817","0"
"Row2818","0"
"Row2819","0"
"Row2820","0"
"Row2821","0"
"Row2822","0"
"Row2823","0"
"Row2824","0"
"Row2825","0"
"Row2826","0"
"Row2827","0"
"Row2828","0"
"Row2829","0"
"Row2830","0"
"Row2831","0"
"Row2832","0"
"Row2833","0"
"Row2834","0"
"Row2835","0"
"Row2836","0"
"Row2837","0"
"Row2838","0"
"Row2839","0"
"Row2840","0"
"Row2841","0"
"Row2842","0"
"Row2843","0"
"Row2844","0"
"Row2845","0"
"Row2846","0"
"Row2847","0"
"Row2848","0"
"Row2849","0"
"Row2850","0"
"Row2851","0"
"Row2852","0"
"Row2853","0"
"Row2854","0"
"Row2855","0"
"Row2856","0"
"Row2857","0"
"Row2858","0"
"Row2859","0"
"Row2860","0"
"Row2861","0"
"Row2862","0"
"Row2863","0"
"Row2864","0"
"Row2865","0"
"Row2866","0"
"Row2867","0"
"Row2868","0"
"Row2869","0"
"Row2870","0"
"Row2871","0"
"Row2872","0"
"Row2873","0"
"Row2874","0"
"Row2875","0"
"Row2876","0"
"Row2877","0"
"Row2878","0"
"Row2879","0"
"Row2880","0"
"Row2881","0"
"Row2882","0"
"Row2883","0"
"Row2884","0"
"Row2885","0"
"Row2886","0"
"Row2887","0"
"Row2888","0"
"Row2889","0"
"Row2890","0"
"Row2891","0"
"Row2892","0"
"Row2893","0"
"Row2894","0"
"Row2895","0"
"Row2896","0"
"Row2897","0"
"Row2898","0"
"Row2899","0"
"Row2900","0"
"Row2901","0"
"Row2902","0"
"Row2903","0"
"Row2904","0"
"Row2905","0"
"Row2906","0"
"Row2907","0"
"Row2908","0"
"Row2909","0"
"Row2910","0"
"Row2911","0"
"Row2912","0"
"Row2913","0"
"Row2914","0"
"Row2915","0"
"Row2916","0"
"Row2917","0"
"Row2918","0"
"Row2919","0"
"Row2920","0"
"Row2921","0"
"Row2922","0"
"Row2923","0"
"Row2924","0"
"Row2925","0"
"Row2926","0"
"Row2927","0"
"Row2928","0"
"Row2929","0"
"Row2930","0"
"Row2931","0"
"Row2932","0"
"Row2933","0"
"Row2934","0"
"Row2935","0"
"Row2936","0"
"Row2937","0"
"Row2938","0"
"Row2939","0"
"Row2940","0"
"Row2941","0"
"Row2942","0"
"Row2943","0"
"Row2944","0"
"Row2945","0"
"Row2946","0"
"Row2947","0"
"Row2948","0"
"Row2949","0"
"Row2950","0"
"Row2951","0"
"Row2952","0"
"Row2953","0"
"Row2954","0"
"Row2955","0"
"Row2956","0"
"Row2957","0"
"Row2958","0"
"Row2959","0"
"Row2960","0"
"Row2961","0"
"Row2962","0"
"Row2963","0"
"Row2964","0"
"Row2965","0"
"Row2966","0"
"Row2967","0"
"Row2968","0"
"Row2969","0"
"Row2970","0"
"Row2971","0"
"Row2972","0"
"Row2973","0"
"Row2974","0"
"Row2975","0"
"Row2976","0"
"Row2977","0"
"Row2978","0"
"Row2979","0"
"Row2980","0"
"Row2981","0"
"Row2982","0"
"Row2983","0"
"Row2984","0"
"Row2985","0"
"Row2986","0"
"Row2987","0"
"Row2988","0"
"Row2989","0"
"Row2990","0"
"Row2991","0"
"Row2992","0"
"Row2993","0"
"Row2994","0"
"Row2995","0"
"Row2996","0"
"Row2997","0"
"Row2998","0"
"Row2999","0"
"Row3000","0"
"Row3001","0"
"Row3002","0"
"Row3003","0"
"Row3004","0"
"Row3005","0"
"Row3006","0"
"Row3007","0"
"Row3008","0"
"Row3009","0"
"Row3010","0"
"Row3011","0"
"Row3012","0"
"Row3013","0"
"Row3014","0"
"Row3015","0"
"Row3016","0"
"Row3017","0"
"Row3018","0"
"Row3019","0"
"Row3020","0"
"Row3021","0"
"Row3022","0"
"Row3023","0"
"Row3024","0"
"Row3025","0"
"Row3026","0"
"Row3027","0"
"Row3028","0"
"Row3029","0"
"Row3030","0"
"Row3031","0"
"Row3032","0"
"Row3033","0"
"Row3034","0"
"Row3035","0"
"Row3036","0"
"Row3037","0"
"Row3038","0"
"Row3039","0"
"Row3040","0"
"Row3041","0"
"Row3042","0"
"Row3043","0"
"Row3044","0"
"Row3045","0"
"Row3046","0"
"Row3047","0"
"Row3048","0"
"Row3049","0"
"Row3050","0"
"Row3051","0"
"Row3052","0"
"Row3053","0"
"Row3054","0"
"Row3055","0"
"Row3056","0"
"Row3057","0"
"Row3058","0"
"Row3059","0"
"Row3060","0"
"Row3061","0"
"Row3062","0"
"Row3063","0"
"Row3064","0"
"Row3065","0"
"Row3066","0"
"Row3067","0"
"Row3068","0"
"Row3069","0"
"Row3070","0"
"Row3071","0"
"Row3072","0"
"Row3073","0"
"Row3074","0"
"Row3075","0"
"Row3076","0"
"Row3077","0"
"Row3078","0"
"Row3079","0"
"Row3080","0"
"Row3081","0"
"Row3082","0"
"Row3083","0"
"Row3084","0"
"Row3085","0"
"Row3086","0"
"Row3087","0"
"Row3088","0"
"Row3089","0"
"Row3090","0"
"Row3091","0"
"Row3092","0"
"Row3093","0"
"Row3094","0"
"Row3095","0"
"Row3096","0"
"Row3097","0"
"Row3098","0"
"Row3099","0"
"Row3100","0"
"Row3101","0"
"Row3102","0"
"Row3103","0"
"Row3104","0"
"Row3105","0"
"Row3106","0"
"Row3107","0"
"Row3108","0"
"Row3109","0"
"Row3110","0"
"Row3111","0"
"Row3112","0"
"Row3113","0"
"Row3114","0"
"Row3115","0"
"Row3116","0"
"Row3117","0"
"Row3118","0"
"Row3119","0"
"Row3120","0"
"Row3121","0"
"Row3122","0"
"Row3123","0"
"Row3124","0"
"Row3125","0"
"Row3126","0"
"Row3127","0"
"Row3128","0"
"Row3129","0"
"Row3130","0"
"Row3131","0"
"Row3132","0"
"Row3133","0"
"Row3134","0"
"Row3135","0"
"Row3136","0"
"Row3137","0"
"Row3138","0"
"Row3139","0"
"Row3140","0"
"Row3141","0"
"Row3142","0"
"Row3143","0"
"Row3144","0"
"Row3145","0"
"Row3146","0"
"Row3147","0"
"Row3148","0"
"Row3149","0"
"Row3150","0"
"Row3151","0"
"Row3152","0"
"Row3153","0"
"Row3154","0"
"Row3155","0"
"Row3156","0"
"Row3157","0"
"Row3158","0"
"Row3159","0"
"Row3160","0"
"Row3161","0"
"Row3162","0"
"Row3163","0"
"Row3164","0"
"Row3165","0"
"Row3166","0"
"Row3167","0"
"Row3168","0"
"Row3169","0"
"Row3170","0"
"Row3171","0"
"Row3172","0"
"Row3173","0"
"Row3174","0"
"Row3175","0"
"Row3176","0"
"Row3177","0"
"Row3178","0"
"Row3179","0"
"Row3180","0"
"Row3181","0"
"Row3182","0"
"Row3183","0"
"Row3184","0"
"Row3185","0"
"Row3186","0"
"Row3187","0"
"Row3188","0"
"Row3189","0"
"Row3190","0"
"Row3191","0"
"Row3192","0"
"Row3193","0"
"Row3194","0"
"Row3195","0"
"Row3196","0"
"Row3197","0"
"Row3198","0"
"Row3199","0"
"Row3200","0"
"Row3201","0"
"Row3202","0"
"Row3203","0"
"Row3204","0"
"Row3205","0"
"Row3206","0"
"Row3207","0"
"Row3208","0"
"Row3209","0"
"Row3210","0"
"Row3211","0"
"Row3212","0"
"Row3213","0"
"Row3214","0"
"Row3215","0"
"Row3216","0"
"Row3217","0"
"Row3218","0"
"Row3219","0"
"Row3220","0"
"Row3221","0"
"Row3222","0"
"Row3223","0"
"Row3224","0"
"Row3225","0"
"Row3226","0"
"Row3227","0"
"Row3228","0"
"Row3229","0"
"Row3230","0"
"Row3231","0"
"Row3232","0"
"Row3233","0"
"Row3234","0"
"Row3235","0"
"Row3236","0"
"Row3237","0"
"Row3238","0"
"Row3239","0"
"Row3240","0"
"Row3241","0"
"Row3242","0"
"Row3243","0"
"Row3244","0"
"Row3245","0"
"Row3246","0"
"Row3247","0"
"Row3248","0"
"Row3249","0"
"Row3250","0"
"Row3251","0"
"Row3252","0"
"Row3253","0"
"Row3254","0"
"Row3255","0"
"Row3256","0"
"Row3257","0"
"Row3258","0"
"Row3259","0"
"Row3260","0"
"Row3261","0"
"Row3262","0"
"Row3263","0"
"Row3264","0"
"Row3265","0"
"Row3266","0"
"Row3267","0"
"Row3268","0"
"Row3269","0"
"Row3270","0"
"Row3271","0"
"Row3272","0"
"Row3273","0"
"Row3274","0"
"Row3275","0"
"Row3276","0"
"Row3277","0"
"Row3278","0"
"Row3279","0"
"Row3280","0"
"Row3281","0"
"Row3282","0"
"Row3283","0"
"Row3284","0"
"Row3285","0"
"Row3286","0"
"Row3287","0"
"Row3288","0"
"Row3289","0"
"Row3290","0"
"Row3291","0"
"Row3292","0"
"Row3293","0"
"Row3294","0"
"Row3295","0"
"Row3296","0"
"Row3297","0"
"Row3298","0"
"Row3299","0"
"Row3300","0"
"Row3301","0"
"Row3302","0"
"Row3303","0"
"Row3304","0"
"Row3305","0"
"Row3306","0"
"Row3307","0"
"Row3308","0"
"Row3309","0"
"Row3310","0"
"Row3311","0"
"Row3312","0"
"Row3313","0"
"Row3314","0"
"Row3315","0"
"Row3316","0"
"Row3317","0"
"Row3318","0"
"Row3319","0"
"Row3320","0"
"Row3321","0"
"Row3322","0"
"Row3323","0"
"Row3324","0"
"Row3325","0"
"Row3326","0"
"Row3327","0"
"Row3328","0"
"Row3329","0"
"Row3330","0"
"Row3331","0"
"Row3332","0"
"Row3333","0"
"Row3334","0"
"Row3335","0"
"Row3336","0"
"Row3337","0"
"Row3338","0"
"Row3339","0"
"Row3340","0"
"Row3341","0"
"Row3342","0"
"Row3343","0"
"Row3344","0"
"Row3345","0"
"Row3346","0"
"Row3347","0"
"Row3348","0"
"Row3349","0"
"Row3350","0"
"Row3351","0"
"Row3352","0"
"Row3353","0"
"Row3354","0"
"Row3355","0"
"Row3356","0"
"Row3357","0"
"Row3358","0"
"Row3359","0"
"Row3360","0"
"Row3361","0"
"Row3362","0"
"Row3363","0"
"Row3364","0"
"Row3365","0"
"Row3366","0"
"Row3367","0"
"Row3368","0"
"Row3369","0"
"Row3370","0"
"Row3371","0"
"Row3372","0"
"Row3373","0"
"Row3374","0"
"Row3375","0"
"Row3376","0"
"Row3377","0"
"Row3378","0"
"Row3379","0"
"Row3380","0"
"Row3381","0"
"Row3382","0"
"Row3383","0"
"Row3384","0"
"Row3385","0"
"Row3386","0"
"Row3387","0"
"Row3388","0"
"Row3389","0"
"Row3390","0"
"Row3391","0"
"Row3392","0"
"Row3393","0"
"Row3394","0"
"Row3395","0"
"Row3396","0"
"Row3397","0"
"Row3398","0"
"Row3399","0"
"Row3400","0"
"Row3401","0"
"Row3402","0"
"Row3403","0"
"Row3404","0"
"Row3405","0"
"Row3406","0"
"Row3407","0"
"Row3408","0"
"Row3409","0"
"Row3410","0"
"Row3411","0"
"Row3412","0"
"Row3413","0"
"Row3414","0"
"Row3415","0"
"Row3416","0"
"Row3417","0"
"Row3418","0"
"Row3419","0"
"Row3420","0"
"Row3421","0"
"Row3422","0"
"Row3423","0"
"Row3424","0"
"Row3425","0"
"Row3426","0"
"Row3427","0"
"Row3428","0"
"Row3429","0"
"Row3430","0"
"Row3431","0"
"Row3432","0"
"Row3433","0"
"Row3434","0"
"Row3435","0"
"Row3436","0"
"Row3437","0"
"Row3438","0"
"Row3439","0"
"Row3440","0"
"Row3441","0"
"Row3442","0"
"Row3443","0"
"Row3444","0"
"Row3445","0"
"Row3446","0"
"Row3447","0"
"Row3448","0"
"Row3449","0"
"Row3450","0"
"Row3451","0"
"Row3452","0"
"Row3453","0"
"Row3454","0"
"Row3455","0"
"Row3456","0"
"Row3457","0"
"Row3458","0"
"Row3459","0"
"Row3460","0"
"Row3461","0"
"Row3462","0"
"Row3463","0"
"Row3464","0"
"Row3465","0"
"Row3466","0"
"Row3467","0"
"Row3468","0"
"Row3469","0"
"Row3470","0"
"Row3471","0"
"Row3472","0"
"Row3473","0"
"Row3474","0"
"Row3475","0"
"Row3476","0"
"Row3477","0"
"Row3478","0"
"Row3479","0"
"Row3480","0"
"Row3481","0"
"Row3482","0"
"Row3483","0"
"Row3484","0"
"Row3485","0"
"Row3486","0"
"Row3487","0"
"Row3488","0"
"Row3489","0"
"Row3490","0"
"Row3491","0"
"Row3492","0"
"Row3493","0"
"Row3494","0"
"Row3495","0"
"Row3496","0"
"Row3497","0"
"Row3498","0"
"Row3499","0"
"Row3500","0"
"Row3501","0"
"Row3502","0"
"Row3503","0"
"Row3504","0"
"Row3505","0"
"Row3506","0"
"Row3507","0"
"Row3508","0"
"Row3509","0"
"Row3510","0"
"Row3511","0"
"Row3512","0"
"Row3513","0"
"Row3514","0"
"Row3515","0"
"Row3516","0"
"Row3517","0"
"Row3518","0"
"Row3519","0"
"Row3520","0"
"Row3521","0"
"Row3522","0"
"Row3523","0"
"Row3524","0"
"Row3525","0"
"Row3526","0"
"Row3527","0"
"Row3528","0"
"Row3529","0"
"Row3530","0"
"Row3531","0"
"Row3532","0"
"Row3533","0"
"Row3534","0"
"Row3535","0"
"Row3536","0"
"Row3537","0"
"Row3538","0"
"Row3539","0"
"Row3540","0"
"Row3541","0"
"Row3542","0"
"Row3543","0"
"Row3544","0"
"Row3545","0"
"Row3546","0"
"Row3547","0"
"Row3548","0"
"Row3549","0"
"Row3550","0"
"Row3551","0"
"Row3552","0"
"Row3553","0"
"Row3554","0"
"Row3555","0"
"Row3556","0"
"Row3557","0"
"Row3558","0"
"Row3559","0"
"Row3560","0"
"Row3561","0"
"Row3562","0"
"Row3563","0"
"Row3564","0"
"Row3565","0"
"Row3566","0"
"Row3567","0"
"Row3568","0"
"Row3569","0"
"Row3570","0"
"Row3571","0"
"Row3572","0"
"Row3573","0"
"Row3574","0"
"Row3575","0"
"Row3576","0"
"Row3577","0"
"Row3578","0"
"Row3579","0"
"Row3580","0"
"Row3581","0"
"Row3582","0"
"Row3583","0"
"Row3584","0"
"Row3585","0"
"Row3586","0"
"Row3587","0"
"Row3588","0"
"Row3589","0"
"Row3590","0"
"Row3591","0"
"Row3592","0"
"Row3593","0"
"Row3594","0"
"Row3595","0"
"Row3596","0"
"Row3597","0"
"Row3598","0"
"Row3599","0"
"Row3600","0"
"Row3601","0"
"Row3602","0"
"Row3603","0"
"Row3604","0"
"Row3605","0"
"Row3606","0"
"Row3607","0"
"Row3608","0"
"Row3609","0"
"Row3610","0"
"Row3611","0"
"Row3612","0"
"Row3613","0"
"Row3614","0"
"Row3615","0"
"Row3616","0"
"Row3617","0"
"Row3618","0"
"Row3619","0"
"Row3620","0"
"Row3621","0"
"Row3622","0"
"Row3623","0"
"Row3624","0"
"Row3625","0"
"Row3626","0"
"Row3627","0"
"Row3628","0"
"Row3629","0"
"Row3630","0"
"Row3631","0"
"Row3632","0"
"Row3633","0"
"Row3634","0"
"Row3635","0"
"Row3636","0"
"Row3637","0"
"Row3638","0"
"Row3639","0"
"Row3640","0"
"Row3641","0"
"Row3642","0"
"Row3643","0"
"Row3644","0"
"Row3645","0"
"Row3646","0"
"Row3647","0"
"Row3648","0"
"Row3649","0"
"Row3650","0"
"Row3651","0"
"Row3652","0"
"Row3653","0"
"Row3654","0"
"Row3655","0"
"Row3656","0"
"Row3657","0"
"Row3658","0"
"Row3659","0"
"Row3660","0"
"Row3661","0"
"Row3662","0"
"Row3663","0"
"Row3664","0"
"Row3665","0"
"Row3666","0"
"Row3667","0"
"Row3668","0"
"Row3669","0"
"Row3670","0"
"Row3671","0"
"Row3672","0"
"Row3673","0"
"Row3674","0"
"Row3675","0"
"Row3676","0"
"Row3677","0"
"Row3678","0"
"Row3679","0"
"Row3680","0"
"Row3681","0"
"Row3682","0"
"Row3683","0"
"Row3684","0"
"Row3685","0"
"Row3686","0"
"Row3687","0"
"Row3688","0"
"Row3689","0"
"Row3690","0"
"Row3691","0"
"Row3692","0"
"Row3693","0"
"Row3694","0"
"Row3695","0"
"Row3696","0"
"Row3697","0"
"Row3698","0"
"Row3699","0"
"Row3700","0"
"Row3701","0"
"Row3702","0"
"Row3703","0"
"Row3704","0"
"Row3705","0"
"Row3706","0"
"Row3707","0"
"Row3708","0"
"Row3709","0"
"Row3710","0"
"Row3711","0"
"Row3712","0"
"Row3713","0"
"Row3714","0"
"Row3715","0"
"Row3716","0"
"Row3717","0"
"Row3718","0"
"Row3719","0"
"Row3720","0"
"Row3721","0"
"Row3722","0"
"Row3723","0"
"Row3724","0"
"Row3725","0"
"Row3726","0"
"Row3727","0"
"Row3728","0"
"Row3729","0"
"Row3730","0"
"Row3731","0"
"Row3732","0"
"Row3733","0"
"Row3734","0"
"Row3735","0"
"Row3736","0"
"Row3737","0"
"Row3738","0"
"Row3739","0"
"Row3740","0"
"Row3741","0"
"Row3742","0"
"Row3743","0"
"Row3744","0"
"Row3745","0"
"Row3746","0"
"Row3747","0"
"Row3748","0"
"Row3749","0"
"Row3750","0"
"Row3751","0"
"Row3752","0"
"Row3753","0"
"Row3754","0"
"Row3755","0"
"Row3756","0"
"Row3757","0"
"Row3758","0"
"Row3759","0"
"Row3760","0"
"Row3761","0"
"Row3762","0"
"Row3763","0"
"Row3764","0"
"Row3765","0"
"Row3766","0"
"Row3767","0"
"Row3768","0"
"Row3769","0"
"Row3770","0"
"Row3771","0"
"Row3772","0"
"Row3773","0"
"Row3774","0"
"Row3775","0"
"Row3776","0"
"Row3777","0"
"Row3778","0"
"Row3779","0"
"Row3780","0"
"Row3781","0"
"Row3782","0"
"Row3783","0"
"Row3784","0"
"Row3785","0"
"Row3786","0"
"Row3787","0"
"Row3788","0"
"Row3789","0"
"Row3790","0"
"Row3791","0"
"Row3792","0"
"Row3793","0"
"Row3794","0"
"Row3795","0"
"Row3796","0"
"Row3797","0"
"Row3798","0"
"Row3799","0"
"Row3800","0"
"Row3801","0"
"Row3802","0"
"Row3803","0"
"Row3804","0"
"Row3805","0"
"Row3806","0"
"Row3807","0"
"Row3808","0"
"Row3809","0"
"Row3810","0"
"Row3811","0"
"Row3812","0"
"Row3813","1"
"Row3814","0"
"Row3815","0"
"Row3816","0"
"Row3817","0"
"Row3818","0"
"Row3819","0"
"Row3820","0"
"Row3821","0"
"Row3822","0"
"Row3823","0"
"Row3824","0"
"Row3825","0"
"Row3826","0"
"Row3827","0"
"Row3828","0"
"Row3829","0"
"Row3830","0"
"Row3831","0"
"Row3832","0"
"Row3833","0"
"Row3834","0"
"Row3835","0"
"Row3836","0"
"Row3837","0"
"Row3838","0"
"Row3839","0"
"Row3840","0"
"Row3841","0"
"Row3842","0"
"Row3843","0"
"Row3844","0"
"Row3845","0"
"Row3846","0"
"Row3847","0"
"Row3848","0"
"Row3849","0"
"Row3850","0"
"Row3851","0"
"Row3852","0"
"Row3853","0"
"Row3854","0"
"Row3855","0"
"Row3856","0"
"Row3857","0"
"Row3858","0"
"Row3859","0"
"Row3860","1"
"Row3861","0"
"Row3862","0"
"Row3863","0"
"Row3864","0"
"Row3865","0"
"Row3866","0"
"Row3867","0"
"Row3868","0"
"Row3869","0"
"Row3870","0"
"Row3871","0"
"Row3872","0"
"Row3873","0"
"Row3874","0"
"Row3875","0"
"Row3876","0"
"Row3877","0"
"Row3878","0"
"Row3879","0"
"Row3880","0"
"Row3881","0"
"Row3882","0"
"Row3883","0"
"Row3884","0"
"Row3885","1"
"Row3886","0"
"Row3887","0"
"Row3888","0"
"Row3889","0"
"Row3890","0"
"Row3891","0"
"Row3892","0"
"Row3893","0"
"Row3894","0"
"Row3895","0"
"Row3896","0"
"Row3897","0"
"Row3898","0"
"Row3899","0"
"Row3900","0"
"Row3901","0"
"Row3902","0"
"Row3903","0"
"Row3904","0"
"Row3905","0"
"Row3906","0"
"Row3907","0"
"Row3908","0"
"Row3909","0"
"Row3910","0"
"Row3911","0"
"Row3912","0"
"Row3913","0"
"Row3914","0"
"Row3915","0"
"Row3916","0"
"Row3917","0"
"Row3918","0"
"Row3919","0"
"Row3920","0"
"Row3921","0"
"Row3922","0"
"Row3923","0"
"Row3924","0"
"Row3925","0"
"Row3926","0"
"Row3927","0"
"Row3928","0"
"Row3929","0"
"Row3930","0"
"Row3931","0"
"Row3932","0"
"Row3933","0"
"Row3934","0"
"Row3935","0"
"Row3936","0"
"Row3937","0"
"Row3938","0"
"Row3939","0"
"Row3940","0"
"Row3941","0"
"Row3942","0"
"Row3943","0"
"Row3944","0"
"Row3945","0"
"Row3946","0"
"Row3947","0"
"Row3948","0"
"Row3949","0"
"Row3950","0"
"Row3951","0"
"Row3952","0"
"Row3953","0"
"Row3954","0"
"Row3955","0"
"Row3956","0"
"Row3957","0"
"Row3958","0"
"Row3959","0"
"Row3960","0"
"Row3961","0"
"Row3962","0"
"Row3963","0"
"Row3964","0"
"Row3965","0"
"Row3966","0"
"Row3967","0"
"Row3968","0"
"Row3969","0"
"Row3970","0"
"Row3971","0"
"Row3972","0"
"Row3973","0"
"Row3974","0"
"Row3975","0"
"Row3976","0"
"Row3977","0"
"Row3978","0"
"Row3979","0"
"Row3980","0"
"Row3981","0"
"Row3982","0"
"Row3983","0"
"Row3984","0"
"Row3985","0"
"Row3986","0"
"Row3987","0"
"Row3988","0"
"Row3989","0"
"Row3990","0"
"Row3991","0"
"Row3992","0"
"Row3993","0"
"Row3994","0"
"Row3995","0"
"Row3996","0"
"Row3997","0"
"Row3998","0"
"Row3999","0"
"Row4000","0"
"Row4001","0"
"Row4002","0"
"Row4003","0"
"Row4004","0"
"Row4005","0"
"Row4006","0"
"Row4007","0"
"Row4008","0"
"Row4009","0"
"Row4010","1"
"Row4011","0"
"Row4012","0"
"Row4013","0"
"Row4014","0"
"Row4015","0"
"Row4016","0"
"Row4017","0"
"Row4018","0"
"Row4019","0"
"Row4020","0"
"Row4021","0"
"Row4022","0"
"Row4023","0"
"Row4024","0"
"Row4025","0"
"Row4026","0"
"Row4027","0"
"Row4028","0"
"Row4029","0"
"Row4030","0"
"Row4031","0"
"Row4032","0"
"Row4033","0"
"Row4034","0"
"Row4035","0"
"Row4036","0"
"Row4037","0"
"Row4038","0"
"Row4039","0"
"Row4040","0"
"Row4041","0"
"Row4042","0"
"Row4043","0"
"Row4044","0"
"Row4045","0"
"Row4046","0"
"Row4047","0"
"Row4048","0"
"Row4049","0"
"Row4050","1"
"Row4051","0"
"Row4052","0"
"Row4053","0"
"Row4054","0"
"Row4055","0"
"Row4056","0"
"Row4057","0"
"Row4058","0"
"Row4059","0"
"Row4060","0"
"Row4061","0"
"Row4062","0"
"Row4063","0"
"Row4064","0"
"Row4065","0"
"Row4066","0"
"Row4067","0"
"Row4068","0"
"Row4069","0"
"Row4070","0"
"Row4071","0"
"Row4072","0"
"Row4073","0"
"Row4074","0"
"Row4075","0"
"Row4076","0"
"Row4077","0"
"Row4078","0"
"Row4079","0"
"Row4080","0"
"Row4081","0"
"Row4082","0"
"Row4083","0"
"Row4084","0"
"Row4085","0"
"Row4086","0"
"Row4087","0"
"Row4088","0"
"Row4089","0"
"Row4090","0"
"Row4091","0"
"Row4092","0"
"Row4093","0"
"Row4094","0"
"Row4095","0"
"Row4096","0"
"Row4097","0"
"Row4098","0"
"Row4099","0"
"Row4100","0"
"Row4101","0"
"Row4102","0"
"Row4103","0"
"Row4104","0"
"Row4105","0"
"Row4106","0"
"Row4107","0"
"Row4108","0"
"Row4109","0"
"Row4110","0"
"Row4111","0"
"Row4112","0"
"Row4113","0"
"Row4114","0"
"Row4115","0"
"Row4116","0"
"Row4117","0"
"Row4118","0"
"Row4119","0"
"Row4120","0"
"Row4121","0"
"Row4122","0"
"Row4123","0"
"Row4124","0"
"Row4125","0"
"Row4126","0"
"Row4127","0"
"Row4128","0"
"Row4129","0"
"Row4130","0"
"Row4131","0"
"Row4132","0"
"Row4133","0"
"Row4134","0"
"Row4135","0"
"Row4136","0"
"Row4137","0"
"Row4138","0"
"Row4139","0"
"Row4140","0"
"Row4141","0"
"Row4142","0"
"Row4143","0"
"Row4144","0"
"Row4145","0"
"Row4146","0"
"Row4147","0"
"Row4148","0"
"Row4149","0"
"Row4150","0"
"Row4151","0"
"Row4152","0"
"Row4153","0"
"Row4154","0"
"Row4155","0"
"Row4156","0"
"Row4157","0"
"Row4158","0"
"Row4159","0"
"Row4160","0"
"Row4161","0"
"Row4162","0"
"Row4163","0"
"Row4164","1"
"Row4165","0"
"Row4166","0"
"Row4167","0"
"Row4168","0"
"Row4169","0"
"Row4170","0"
"Row4171","0"
"Row4172","0"
"Row4173","0"
"Row4174","0"
"Row4175","0"
"Row4176","0"
"Row4177","0"
"Row4178","0"
"Row4179","0"
"Row4180","0"
"Row4181","0"
"Row4182","0"
"Row4183","0"
"Row4184","0"
"Row4185","0"
"Row4186","0"
"Row4187","0"
"Row4188","0"
"Row4189","0"
"Row4190","0"
"Row4191","0"
"Row4192","0"
"Row4193","0"
"Row4194","0"
"Row4195","0"
"Row4196","0"
"Row4197","0"
"Row4198","0"
"Row4199","0"
"Row4200","0"
"Row4201","0"
"Row4202","0"
"Row4203","0"
"Row4204","0"
"Row4205","0"
"Row4206","0"
"Row4207","0"
"Row4208","0"
"Row4209","0"
"Row4210","0"
"Row4211","0"
"Row4212","0"
"Row4213","0"
"Row4214","0"
"Row4215","0"
"Row4216","0"
"Row4217","0"
"Row4218","0"
"Row4219","0"
"Row4220","0"
"Row4221","0"
"Row4222","0"
"Row4223","0"
"Row4224","0"
"Row4225","0"
"Row4226","0"
"Row4227","0"
"Row4228","0"
"Row4229","0"
"Row4230","0"
"Row4231","0"
"Row4232","0"
"Row4233","0"
"Row4234","0"
"Row4235","0"
"Row4236","0"
"Row4237","0"
"Row4238","0"
"Row4239","0"
"Row4240","0"
"Row4241","0"
"Row4242","0"
"Row4243","0"
"Row4244","0"
"Row4245","0"
"Row4246","0"
"Row4247","0"
"Row4248","0"
"Row4249","0"
"Row4250","0"
"Row4251","0"
"Row4252","0"
"Row4253","0"
"Row4254","0"
"Row4255","0"
"Row4256","0"
"Row4257","0"
"Row4258","0"
"Row4259","0"
"Row4260","0"
"Row4261","0"
"Row4262","0"
"Row4263","0"
"Row4264","0"
"Row4265","0"
"Row4266","0"
"Row4267","0"
"Row4268","0"
"Row4269","0"
"Row4270","0"
"Row4271","0"
"Row4272","0"
"Row4273","0"
"Row4274","1"
"Row4275","0"
"Row4276","0"
"Row4277","0"
"Row4278","0"
"Row4279","0"
"Row4280","0"
"Row4281","0"
"Row4282","0"
"Row4283","0"
"Row4284","0"
"Row4285","0"
"Row4286","0"
"Row4287","0"
"Row4288","0"
"Row4289","0"
"Row4290","0"
"Row4291","0"
"Row4292","0"
"Row4293","0"
"Row4294","0"
"Row4295","0"
"Row4296","0"
"Row4297","0"
"Row4298","0"
"Row4299","0"
"Row4300","0"
"Row4301","0"
"Row4302","0"
"Row4303","0"
"Row4304","0"
"Row4305","0"
"Row4306","0"
"Row4307","0"
"Row4308","0"
"Row4309","0"
"Row4310","0"
"Row4311","0"
"Row4312","0"
"Row4313","0"
"Row4314","0"
"Row4315","0"
"Row4316","0"
"Row4317","0"
"Row4318","0"
"Row4319","0"
"Row4320","0"
"Row4321","0"
"Row4322","0"
"Row4323","0"
"Row4324","0"
"Row4325","0"
"Row4326","0"
"Row4327","0"
"Row4328","0"
"Row4329","0"
"Row4330","0"
"Row4331","0"
"Row4332","0"
"Row4333","0"
"Row4334","0"
"Row4335","0"
"Row4336","0"
"Row4337","1"
"Row4338","0"
"Row4339","0"
"Row4340","0"
"Row4341","0"
"Row4342","0"
"Row4343","0"
"Row4344","0"
"Row4345","0"
"Row4346","0"
"Row4347","0"
"Row4348","0"
"Row4349","0"
"Row4350","0"
"Row4351","0"
"Row4352","0"
"Row4353","0"
"Row4354","0"
"Row4355","0"
"Row4356","0"
"Row4357","0"
"Row4358","0"
"Row4359","0"
"Row4360","0"
"Row4361","0"
"Row4362","0"
"Row4363","0"
"Row4364","0"
"Row4365","0"
"Row4366","0"
"Row4367","0"
"Row4368","0"
"Row4369","0"
"Row4370","0"
"Row4371","0"
"Row4372","0"
"Row4373","0"
"Row4374","0"
"Row4375","0"
"Row4376","0"
"Row4377","0"
"Row4378","0"
"Row4379","0"
"Row4380","0"
"Row4381","0"
"Row4382","0"
"Row4383","0"
"Row4384","0"
"Row4385","0"
"Row4386","0"
"Row4387","0"
"Row4388","0"
"Row4389","0"
"Row4390","0"
"Row4391","0"
"Row4392","0"
"Row4393","0"
"Row4394","0"
"Row4395","0"
"Row4396","0"
"Row4397","0"
"Row4398","0"
"Row4399","0"
"Row4400","0"
"Row4401","0"
"Row4402","0"
"Row4403","0"
"Row4404","0"
"Row4405","0"
"Row4406","0"
"Row4407","0"
"Row4408","0"
"Row4409","0"
"Row4410","0"
"Row4411","0"
"Row4412","0"
"Row4413","0"
"Row4414","0"
"Row4415","0"
"Row4416","0"
"Row4417","0"
"Row4418","0"
"Row4419","0"
"Row4420","0"
"Row4421","0"
"Row4422","0"
"Row4423","0"
"Row4424","0"
"Row4425","0"
"Row4426","0"
"Row4427","0"
"Row4428","0"
"Row4429","0"
"Row4430","0"
"Row4431","0"
"Row4432","0"
"Row4433","1"
"Row4434","0"
"Row4435","0"
"Row4436","0"
"Row4437","0"
"Row4438","0"
"Row4439","0"
"Row4440","0"
"Row4441","0"
"Row4442","0"
"Row4443","0"
"Row4444","0"
"Row4445","0"
"Row4446","0"
"Row4447","1"
"Row4448","0"
"Row4449","0"
"Row4450","0"
"Row4451","0"
"Row4452","0"
"Row4453","0"
"Row4454","0"
"Row4455","0"
"Row4456","0"
"Row4457","0"
"Row4458","0"
"Row4459","0"
"Row4460","1"
"Row4461","0"
"Row4462","0"
"Row4463","0"
"Row4464","0"
"Row4465","0"
"Row4466","0"
"Row4467","0"
"Row4468","0"
"Row4469","0"
"Row4470","0"
"Row4471","0"
"Row4472","0"
"Row4473","0"
"Row4474","0"
"Row4475","0"
"Row4476","0"
"Row4477","0"
"Row4478","0"
"Row4479","0"
"Row4480","0"
"Row4481","0"
"Row4482","0"
"Row4483","0"
"Row4484","0"
"Row4485","0"
"Row4486","0"
"Row4487","0"
"Row4488","0"
"Row4489","0"
"Row4490","0"
"Row4491","0"
"Row4492","0"
"Row4493","0"
"Row4494","0"
"Row4495","0"
"Row4496","0"
"Row4497","0"
"Row4498","0"
"Row4499","0"
"Row4500","0"
"Row4501","0"
"Row4502","0"
"Row4503","0"
"Row4504","0"
"Row4505","0"
"Row4506","0"
"Row4507","0"
"Row4508","0"
"Row4509","0"
"Row4510","0"
"Row4511","0"
"Row4512","0"
"Row4513","0"
"Row4514","0"
"Row4515","0"
"Row4516","0"
"Row4517","0"
"Row4518","0"
"Row4519","0"
"Row4520","0"
"Row4521","0"
"Row4522","0"
"Row4523","0"
"Row4524","0"
"Row4525","0"
"Row4526","0"
"Row4527","0"
"Row4528","0"
"Row4529","0"
"Row4530","0"
"Row4531","0"
"Row4532","0"
"Row4533","0"
"Row4534","0"
"Row4535","0"
"Row4536","0"
"Row4537","0"
"Row4538","0"
"Row4539","0"
"Row4540","0"
"Row4541","0"
"Row4542","0"
"Row4543","0"
"Row4544","0"
"Row4545","0"
"Row4546","0"
"Row4547","0"
"Row4548","0"
"Row4549","0"
"Row4550","0"
"Row4551","0"
"Row4552","0"
"Row4553","0"
"Row4554","0"
"Row4555","0"
"Row4556","0"
"Row4557","0"
"Row4558","0"
"Row4559","0"
"Row4560","0"
"Row4561","0"
"Row4562","0"
"Row4563","0"
"Row4564","0"
"Row4565","0"
"Row4566","0"
"Row4567","0"
"Row4568","0"
"Row4569","0"
"Row4570","0"
"Row4571","0"
"Row4572","0"
"Row4573","0"
"Row4574","0"
"Row4575","0"
"Row4576","0"
"Row4577","0"
"Row4578","0"
"Row4579","0"
"Row4580","0"
"Row4581","0"
"Row4582","0"
"Row4583","0"
"Row4584","0"
"Row4585","0"
"Row4586","0"
"Row4587","0"
"Row4588","0"
"Row4589","0"
"Row4590","0"
"Row4591","0"
"Row4592","0"
"Row4593","0"
"Row4594","0"
"Row4595","0"
"Row4596","0"
"Row4597","0"
"Row4598","0"
"Row4599","0"
"Row4600","0"
"Row4601","0"
"Row4602","0"
"Row4603","0"
"Row4604","0"
"Row4605","0"
"Row4606","0"
"Row4607","0"
"Row4608","0"
"Row4609","0"
"Row4610","0"
"Row4611","0"
"Row4612","0"
"Row4613","0"
"Row4614","0"
"Row4615","0"
"Row4616","0"
"Row4617","0"
"Row4618","0"
"Row4619","0"
"Row4620","1"
"Row4621","0"
"Row4622","0"
"Row4623","0"
"Row4624","0"
"Row4625","0"
"Row4626","0"
"Row4627","0"
"Row4628","0"
"Row4629","0"
"Row4630","0"
"Row4631","0"
"Row4632","0"
"Row4633","0"
"Row4634","0"
"Row4635","0"
"Row4636","0"
"Row4637","0"
"Row4638","0"
"Row4639","0"
"Row4640","0"
"Row4641","0"
"Row4642","0"
"Row4643","0"
"Row4644","0"
"Row4645","0"
"Row4646","0"
"Row4647","0"
"Row4648","0"
"Row4649","0"
"Row4650","0"
"Row4651","0"
"Row4652","0"
"Row4653","0"
"Row4654","0"
"Row4655","0"
"Row4656","0"
"Row4657","0"
"Row4658","0"
"Row4659","0"
"Row4660","0"
"Row4661","0"
"Row4662","0"
"Row4663","0"
"Row4664","0"
"Row4665","0"
"Row4666","0"
"Row4667","0"
"Row4668","0"
"Row4669","0"
"Row4670","0"
"Row4671","0"
"Row4672","1"
"Row4673","0"
"Row4674","0"
"Row4675","0"
"Row4676","1"
"Row4677","0"
"Row4678","0"
"Row4679","0"
"Row4680","0"
"Row4681","0"
"Row4682","0"
"Row4683","0"
"Row4684","0"
"Row4685","0"
"Row4686","0"
"Row4687","0"
"Row4688","0"
"Row4689","0"
"Row4690","0"
"Row4691","0"
"Row4692","0"
"Row4693","0"
"Row4694","0"
"Row4695","0"
"Row4696","0"
"Row4697","1"
"Row4698","0"
"Row4699","0"
"Row4700","0"
"Row4701","0"
"Row4702","0"
"Row4703","0"
"Row4704","0"
"Row4705","0"
"Row4706","0"
"Row4707","0"
"Row4708","0"
"Row4709","0"
"Row4710","0"
"Row4711","0"
"Row4712","0"
"Row4713","0"
"Row4714","0"
"Row4715","0"
"Row4716","0"
"Row4717","0"
"Row4718","0"
"Row4719","0"
"Row4720","0"
"Row4721","0"
"Row4722","0"
"Row4723","0"
"Row4724","0"
"Row4725","0"
"Row4726","0"
"Row4727","0"
"Row4728","0"
"Row4729","0"
"Row4730","0"
"Row4731","0"
"Row4732","0"
"Row4733","0"
"Row4734","0"
"Row4735","0"
"Row4736","0"
"Row4737","0"
"Row4738","0"
"Row4739","0"
"Row4740","0"
"Row4741","0"
"Row4742","0"
"Row4743","0"
"Row4744","0"
"Row4745","0"
"Row4746","0"
"Row4747","0"
"Row4748","0"
"Row4749","0"
"Row4750","0"
"Row4751","0"
"Row4752","0"
"Row4753","0"
"Row4754","0"
"Row4755","0"
"Row4756","0"
"Row4757","0"
"Row4758","0"
"Row4759","0"
"Row4760","0"
"Row4761","0"
"Row4762","0"
"Row4763","0"
"Row4764","0"
"Row4765","0"
"Row4766","0"
"Row4767","0"
"Row4768","0"
"Row4769","0"
"Row4770","0"
"Row4771","0"
"Row4772","0"
"Row4773","0"
"Row4774","0"
"Row4775","0"
"Row4776","0"
"Row4777","0"
"Row4778","0"
"Row4779","0"
"Row4780","0"
"Row4781","0"
"Row4782","0"
"Row4783","0"
"Row4784","0"
"Row4785","0"
"Row4786","0"
"Row4787","0"
"Row4788","0"
"Row4789","0"
"Row4790","0"
"Row4791","0"
"Row4792","0"
"Row4793","0"
"Row4794","0"
"Row4795","0"
"Row4796","1"
"Row4797","1"
"Row4798","1"
"Row4799","0"
"Row4800","0"
"Row4801","1"
"Row4802","0"
"Row4803","0"
"Row4804","0"
"Row4805","0"
"Row4806","1"
"Row4807","1"
"Row4808","0"
"Row4809","0"
"Row4810","0"
"Row4811","0"
"Row4812","0"
"Row4813","0"
"Row4814","0"
"Row4815","1"
"Row4816","0"
"Row4817","0"
"Row4818","0"
"Row4819","0"
"Row4820","0"
"Row4821","0"
"Row4822","0"
"Row4823","0"
"Row4824","0"
"Row4825","0"
"Row4826","0"
"Row4827","0"
"Row4828","0"
"Row4829","1"
"Row4830","0"
"Row4831","0"
"Row4832","0"
"Row4833","0"
"Row4834","0"
"Row4835","0"
"Row4836","0"
"Row4837","0"
"Row4838","0"
"Row4839","1"
"Row4840","0"
"Row4841","0"
"Row4842","0"
"Row4843","0"
"Row4844","0"
"Row4845","0"
"Row4846","0"
"Row4847","0"
"Row4848","1"
"Row4849","0"
"Row4850","0"
"Row4851","0"
"Row4852","0"
"Row4853","0"
"Row4854","0"
"Row4855","0"
"Row4856","0"
"Row4857","0"
"Row4858","0"
"Row4859","0"
"Row4860","0"
"Row4861","1"
"Row4862","0"
"Row4863","0"
"Row4864","0"
"Row4865","0"
"Row4866","0"
"Row4867","0"
"Row4868","0"
"Row4869","0"
"Row4870","0"
"Row4871","0"
"Row4872","0"
"Row4873","0"
"Row4874","0"
"Row4875","0"
"Row4876","0"
"Row4877","0"
"Row4878","0"
"Row4879","0"
"Row4880","0"
"Row4881","0"
"Row4882","0"
"Row4883","0"
"Row4884","0"
"Row4885","0"
"Row4886","0"
"Row4887","0"
"Row4888","0"
"Row4889","0"
"Row4890","0"
"Row4891","0"
"Row4892","0"
"Row4893","0"
"Row4894","0"
"Row4895","0"
"Row4896","0"
"Row4897","0"
"Row4898","0"
"Row4899","0"
"Row4900","0"
"Row4901","0"
"Row4902","0"
"Row4903","0"
"Row4904","0"
"Row4905","0"
"Row4906","0"
"Row4907","0"
"Row4908","0"
"Row4909","0"
"Row4910","0"
"Row4911","0"
"Row4912","0"
"Row4913","0"
"Row4914","0"
"Row4915","0"
"Row4916","0"
"Row4917","0"
"Row4918","0"
"Row4919","0"
"Row4920","0"
"Row4921","0"
"Row4922","0"
"Row4923","0"
"Row4924","0"
"Row4925","0"
"Row4926","0"
"Row4927","0"
"Row4928","0"
"Row4929","0"
"Row4930","0"
"Row4931","0"
"Row4932","0"
"Row4933","0"
"Row4934","0"
"Row4935","0"
"Row4936","0"
"Row4937","0"
"Row4938","0"
"Row4939","0"
"Row4940","0"
"Row4941","0"
"Row4942","0"
"Row4943","0"
"Row4944","0"
"Row4945","0"
"Row4946","0"
"Row4947","0"
"Row4948","0"
"Row4949","0"
"Row4950","0"
"Row4951","0"
"Row4952","0"
"Row4953","0"
"Row4954","0"
"Row4955","0"
"Row4956","0"
"Row4957","0"
"Row4958","0"
"Row4959","0"
"Row4960","0"
"Row4961","0"
"Row4962","0"
"Row4963","0"
"Row4964","0"
"Row4965","0"
"Row4966","0"
"Row4967","0"
"Row4968","0"
"Row4969","0"
"Row4970","0"
"Row4971","0"
"Row4972","0"
"Row4973","0"
"Row4974","0"
"Row4975","0"
"Row4976","0"
"Row4977","0"
"Row4978","0"
"Row4979","0"
"Row4980","0"
"Row4981","0"
"Row4982","0"
"Row4983","0"
"Row4984","0"
"Row4985","0"
"Row4986","0"
"Row4987","0"
"Row4988","0"
"Row4989","0"
"Row4990","0"
"Row4991","0"
"Row4992","0"
"Row4993","0"
"Row4994","0"
"Row4995","0"
"Row4996","0"
"Row4997","0"
"Row4998","0"
"Row4999","0"
"Row5000","0"
"Row5001","0"
"Row5002","0"
"Row5003","0"
"Row5004","0"
"Row5005","0"
"Row5006","0"
"Row5007","0"
"Row5008","0"
"Row5009","0"
"Row5010","0"
"Row5011","0"
"Row5012","0"
"Row5013","0"
"Row5014","0"
"Row5015","0"
"Row5016","0"
"Row5017","0"
"Row5018","0"
"Row5019","0"
"Row5020","0"
"Row5021","0"
"Row5022","0"
"Row5023","0"
"Row5024","0"
"Row5025","0"
"Row5026","0"
"Row5027","1"
"Row5028","0"
"Row5029","0"
"Row5030","0"
"Row5031","0"
"Row5032","0"
"Row5033","0"
"Row5034","0"
"Row5035","0"
"Row5036","0"
"Row5037","0"
"Row5038","0"
"Row5039","0"
"Row5040","0"
"Row5041","0"
"Row5042","0"
"Row5043","1"
"Row5044","0"
"Row5045","0"
"Row5046","0"
"Row5047","0"
"Row5048","0"
"Row5049","0"
"Row5050","0"
"Row5051","0"
"Row5052","0"
"Row5053","0"
"Row5054","0"
"Row5055","0"
"Row5056","0"
"Row5057","0"
"Row5058","0"
"Row5059","0"
"Row5060","0"
"Row5061","0"
"Row5062","0"
"Row5063","0"
"Row5064","0"
"Row5065","0"
"Row5066","0"
"Row5067","0"
"Row5068","0"
"Row5069","0"
"Row5070","0"
"Row5071","0"
"Row5072","0"
"Row5073","0"
"Row5074","0"
"Row5075","0"
"Row5076","0"
"Row5077","0"
"Row5078","0"
"Row5079","0"
"Row5080","0"
"Row5081","0"
"Row5082","0"
"Row5083","0"
"Row5084","0"
"Row5085","0"
"Row5086","0"
"Row5087","0"
"Row5088","0"
"Row5089","0"
"Row5090","0"
"Row5091","0"
"Row5092","0"
"Row5093","0"
"Row5094","0"
"Row5095","0"
"Row5096","0"
"Row5097","0"
"Row5098","0"
"Row5099","0"
"Row5100","0"
"Row5101","0"
"Row5102","0"
"Row5103","0"
"Row5104","0"
"Row5105","0"
"Row5106","0"
"Row5107","0"
"Row5108","0"
"Row5109","0"
"Row5110","0"
"Row5111","0"
"Row5112","0"
"Row5113","0"
"Row5114","0"
"Row5115","0"
"Row5116","0"
"Row5117","0"
"Row5118","0"
"Row5119","0"
"Row5120","0"
"Row5121","0"
"Row5122","0"
"Row5123","0"
"Row5124","0"
"Row5125","0"
"Row5126","0"
"Row5127","0"
"Row5128","0"
"Row5129","0"
"Row5130","0"
"Row5131","0"
"Row5132","0"
"Row5133","0"
"Row5134","0"
"Row5135","0"
"Row5136","0"
"Row5137","0"
"Row5138","0"
"Row5139","0"
"Row5140","0"
"Row5141","0"
"Row5142","0"
"Row5143","0"
"Row5144","0"
"Row5145","0"
"Row5146","0"
"Row5147","0"
"Row5148","0"
"Row5149","0"
"Row5150","0"
"Row5151","0"
"Row5152","0"
"Row5153","0"
"Row5154","0"
"Row5155","0"
"Row5156","0"
"Row5157","0"
"Row5158","0"
"Row5159","0"
"Row5160","0"
"Row5161","0"
"Row5162","0"
"Row5163","0"
"Row5164","0"
"Row5165","0"
"Row5166","0"
"Row5167","0"
"Row5168","0"
"Row5169","0"
"Row5170","0"
"Row5171","0"
"Row5172","0"
"Row5173","0"
"Row5174","0"
"Row5175","0"
"Row5176","0"
"Row5177","0"
"Row5178","0"
"Row5179","0"
"Row5180","0"
"Row5181","0"
"Row5182","0"
"Row5183","0"
"Row5184","0"
"Row5185","0"
"Row5186","0"
"Row5187","0"
"Row5188","0"
"Row5189","0"
"Row5190","0"
"Row5191","0"
"Row5192","0"
"Row5193","0"
"Row5194","0"
"Row5195","0"
"Row5196","0"
"Row5197","0"
"Row5198","0"
"Row5199","0"
"Row5200","0"
"Row5201","0"
"Row5202","0"
"Row5203","0"
"Row5204","0"
"Row5205","0"
"Row5206","0"
"Row5207","0"
"Row5208","0"
"Row5209","0"
"Row5210","0"
"Row5211","0"
"Row5212","0"
"Row5213","0"
"Row5214","0"
"Row5215","1"
"Row5216","0"
"Row5217","0"
"Row5218","0"
"Row5219","0"
"Row5220","0"
"Row5221","0"
"Row5222","0"
"Row5223","0"
"Row5224","0"
"Row5225","0"
"Row5226","0"
"Row5227","0"
"Row5228","0"
"Row5229","0"
"Row5230","0"
"Row5231","0"
"Row5232","0"
"Row5233","0"
"Row5234","0"
"Row5235","0"
"Row5236","0"
"Row5237","0"
"Row5238","0"
"Row5239","0"
"Row5240","0"
"Row5241","0"
"Row5242","0"
"Row5243","0"
"Row5244","0"
"Row5245","0"
"Row5246","0"
"Row5247","0"
"Row5248","0"
"Row5249","0"
"Row5250","0"
"Row5251","0"
"Row5252","0"
"Row5253","0"
"Row5254","0"
"Row5255","0"
"Row5256","0"
"Row5257","0"
"Row5258","0"
"Row5259","0"
"Row5260","0"
"Row5261","0"
"Row5262","0"
"Row5263","0"
"Row5264","1"
"Row5265","0"
"Row5266","0"
"Row5267","0"
"Row5268","0"
"Row5269","0"
"Row5270","0"
"Row5271","0"
"Row5272","0"
"Row5273","0"
"Row5274","0"
"Row5275","0"
"Row5276","0"
"Row5277","0"
"Row5278","0"
"Row5279","0"
"Row5280","0"
"Row5281","0"
"Row5282","0"
"Row5283","0"
"Row5284","0"
"Row5285","0"
"Row5286","0"
"Row5287","0"
"Row5288","0"
"Row5289","0"
"Row5290","0"
"Row5291","0"
"Row5292","0"
"Row5293","1"
"Row5294","0"
"Row5295","0"
"Row5296","0"
"Row5297","0"
"Row5298","0"
"Row5299","0"
"Row5300","0"
"Row5301","0"
"Row5302","0"
"Row5303","0"
"Row5304","0"
"Row5305","0"
"Row5306","0"
"Row5307","0"
"Row5308","0"
"Row5309","0"
"Row5310","0"
"Row5311","0"
"Row5312","0"
"Row5313","0"
"Row5314","0"
"Row5315","0"
"Row5316","0"
"Row5317","0"
"Row5318","0"
"Row5319","0"
"Row5320","0"
"Row5321","0"
"Row5322","0"
"Row5323","0"
"Row5324","0"
"Row5325","0"
"Row5326","0"
"Row5327","0"
"Row5328","0"
"Row5329","0"
"Row5330","0"
"Row5331","0"
"Row5332","0"
"Row5333","0"
"Row5334","0"
"Row5335","0"
"Row5336","0"
"Row5337","0"
"Row5338","0"
"Row5339","0"
"Row5340","0"
"Row5341","0"
"Row5342","0"
"Row5343","0"
"Row5344","0"
"Row5345","0"
"Row5346","0"
"Row5347","0"
"Row5348","0"
"Row5349","0"
"Row5350","0"
"Row5351","0"
"Row5352","0"
"Row5353","0"
"Row5354","0"
"Row5355","0"
"Row5356","0"
"Row5357","0"
"Row5358","0"
"Row5359","0"
"Row5360","0"
"Row5361","0"
"Row5362","0"
"Row5363","0"
"Row5364","0"
"Row5365","0"
"Row5366","0"
"Row5367","0"
"Row5368","0"
"Row5369","0"
"Row5370","0"
"Row5371","0"
"Row5372","0"
"Row5373","0"
"Row5374","0"
"Row5375","0"
"Row5376","0"
"Row5377","0"
"Row5378","0"
"Row5379","0"
"Row5380","0"
"Row5381","0"
"Row5382","0"
"Row5383","0"
"Row5384","0"
"Row5385","0"
"Row5386","0"
"Row5387","0"
"Row5388","0"
"Row5389","0"
"Row5390","0"
"Row5391","0"
"Row5392","0"
"Row5393","0"
"Row5394","0"
"Row5395","0"
"Row5396","0"
"Row5397","1"
"Row5398","0"
"Row5399","0"
"Row5400","0"
"Row5401","0"
"Row5402","0"
"Row5403","0"
"Row5404","0"
"Row5405","0"
"Row5406","0"
"Row5407","0"
"Row5408","0"
"Row5409","0"
"Row5410","0"
"Row5411","0"
"Row5412","0"
"Row5413","0"
"Row5414","0"
"Row5415","0"
"Row5416","0"
"Row5417","0"
"Row5418","0"
"Row5419","0"
"Row5420","0"
"Row5421","0"
"Row5422","0"
"Row5423","0"
"Row5424","0"
"Row5425","0"
"Row5426","0"
"Row5427","0"
"Row5428","0"
"Row5429","0"
"Row5430","0"
"Row5431","0"
"Row5432","0"
"Row5433","0"
"Row5434","0"
"Row5435","0"
"Row5436","0"
"Row5437","0"
"Row5438","0"
"Row5439","0"
"Row5440","0"
"Row5441","0"
"Row5442","0"
"Row5443","0"
"Row5444","0"
"Row5445","0"
"Row5446","0"
"Row5447","0"
"Row5448","0"
"Row5449","0"
"Row5450","0"
"Row5451","0"
"Row5452","0"
"Row5453","0"
"Row5454","0"
"Row5455","0"
"Row5456","0"
"Row5457","0"
"Row5458","0"
"Row5459","0"
"Row5460","0"
"Row5461","0"
"Row5462","0"
"Row5463","0"
"Row5464","0"
"Row5465","0"
"Row5466","0"
"Row5467","0"
"Row5468","0"
"Row5469","0"
"Row5470","0"
"Row5471","0"
"Row5472","0"
"Row5473","0"
"Row5474","0"
"Row5475","0"
"Row5476","0"
"Row5477","0"
"Row5478","0"
"Row5479","0"
"Row5480","0"
"Row5481","0"
"Row5482","0"
"Row5483","0"
"Row5484","0"
"Row5485","0"
"Row5486","0"
"Row5487","0"
"Row5488","0"
"Row5489","0"
"Row5490","0"
"Row5491","0"
"Row5492","0"
"Row5493","0"
"Row5494","0"
"Row5495","0"
"Row5496","0"
"Row5497","0"
"Row5498","0"
"Row5499","0"
"Row5500","0"
"Row5501","0"
"Row5502","0"
"Row5503","0"
"Row5504","0"
"Row5505","0"
"Row5506","0"
"Row5507","0"
"Row5508","0"
"Row5509","0"
"Row5510","0"
"Row5511","0"
"Row5512","0"
"Row5513","0"
"Row5514","0"
"Row5515","0"
"Row5516","0"
"Row5517","0"
"Row5518","0"
"Row5519","0"
"Row5520","0"
"Row5521","0"
"Row5522","0"
"Row5523","0"
"Row5524","0"
"Row5525","0"
"Row5526","0"
"Row5527","0"
"Row5528","0"
"Row5529","0"
"Row5530","0"
"Row5531","0"
"Row5532","0"
"Row5533","0"
"Row5534","0"
"Row5535","0"
"Row5536","0"
"Row5537","0"
"Row5538","0"
"Row5539","0"
"Row5540","0"
"Row5541","0"
"Row5542","0"
"Row5543","0"
"Row5544","0"
"Row5545","1"
"Row5546","0"
"Row5547","0"
"Row5548","0"
"Row5549","0"
"Row5550","0"
"Row5551","0"
"Row5552","0"
"Row5553","0"
"Row5554","0"
"Row5555","0"
"Row5556","0"
"Row5557","0"
"Row5558","0"
"Row5559","0"
"Row5560","0"
"Row5561","0"
"Row5562","0"
"Row5563","0"
"Row5564","0"
"Row5565","0"
"Row5566","0"
"Row5567","0"
"Row5568","0"
"Row5569","0"
"Row5570","0"
"Row5571","0"
"Row5572","0"
"Row5573","0"
"Row5574","0"
"Row5575","0"
"Row5576","0"
"Row5577","0"
"Row5578","0"
"Row5579","0"
"Row5580","0"
"Row5581","0"
"Row5582","0"
"Row5583","0"
"Row5584","0"
"Row5585","0"
"Row5586","0"
"Row5587","0"
"Row5588","0"
"Row5589","0"
"Row5590","0"
"Row5591","0"
"Row5592","0"
"Row5593","0"
"Row5594","0"
"Row5595","0"
"Row5596","0"
"Row5597","0"
"Row5598","1"
"Row5599","0"
"Row5600","0"
"Row5601","0"
"Row5602","0"
"Row5603","0"
"Row5604","0"
"Row5605","0"
"Row5606","0"
"Row5607","0"
"Row5608","0"
"Row5609","0"
"Row5610","0"
"Row5611","0"
"Row5612","0"
"Row5613","0"
"Row5614","0"
"Row5615","0"
"Row5616","0"
"Row5617","0"
"Row5618","0"
"Row5619","0"
"Row5620","0"
"Row5621","0"
"Row5622","0"
"Row5623","0"
"Row5624","0"
"Row5625","0"
"Row5626","0"
"Row5627","0"
"Row5628","0"
"Row5629","0"
"Row5630","0"
"Row5631","0"
"Row5632","0"
"Row5633","0"
"Row5634","0"
"Row5635","0"
"Row5636","0"
"Row5637","0"
"Row5638","0"
"Row5639","0"
"Row5640","0"
"Row5641","0"
"Row5642","0"
"Row5643","0"
"Row5644","0"
"Row5645","0"
"Row5646","0"
"Row5647","0"
"Row5648","0"
"Row5649","0"
"Row5650","0"
"Row5651","0"
"Row5652","0"
"Row5653","0"
"Row5654","0"
"Row5655","0"
"Row5656","0"
"Row5657","0"
"Row5658","0"
"Row5659","0"
"Row5660","0"
"Row5661","0"
"Row5662","0"
"Row5663","0"
"Row5664","0"
"Row5665","0"
"Row5666","1"
"Row5667","0"
"Row5668","0"
"Row5669","0"
"Row5670","0"
"Row5671","0"
"Row5672","0"
"Row5673","0"
"Row5674","0"
"Row5675","0"
"Row5676","0"
"Row5677","0"
"Row5678","0"
"Row5679","0"
"Row5680","0"
"Row5681","0"
"Row5682","0"
"Row5683","0"
"Row5684","1"
"Row5685","0"
"Row5686","0"
"Row5687","0"
"Row5688","0"
"Row5689","0"
"Row5690","0"
"Row5691","0"
"Row5692","0"
"Row5693","0"
"Row5694","0"
"Row5695","0"
"Row5696","0"
"Row5697","0"
"Row5698","0"
"Row5699","0"
"Row5700","0"
"Row5701","0"
"Row5702","0"
"Row5703","0"
"Row5704","0"
"Row5705","0"
"Row5706","0"
"Row5707","0"
"Row5708","0"
"Row5709","0"
"Row5710","0"
"Row5711","0"
"Row5712","0"
"Row5713","0"
"Row5714","0"
"Row5715","0"
"Row5716","0"
"Row5717","0"
"Row5718","0"
"Row5719","0"
"Row5720","0"
"Row5721","0"
"Row5722","0"
"Row5723","0"
"Row5724","0"
"Row5725","0"
"Row5726","0"
"Row5727","0"
"Row5728","0"
"Row5729","1"
"Row5730","0"
"Row5731","0"
"Row5732","0"
"Row5733","0"
"Row5734","0"
"Row5735","0"
"Row5736","0"
"Row5737","0"
"Row5738","0"
"Row5739","0"
"Row5740","0"
"Row5741","0"
"Row5742","0"
"Row5743","0"
"Row5744","0"
"Row5745","0"
"Row5746","0"
"Row5747","1"
"Row5748","1"
"Row5749","0"
"Row5750","0"
"Row5751","0"
"Row5752","0"
"Row5753","0"
"Row5754","0"
"Row5755","0"
"Row5756","0"
"Row5757","0"
"Row5758","0"
"Row5759","0"
"Row5760","0"
"Row5761","0"
"Row5762","0"
"Row5763","0"
"Row5764","0"
"Row5765","0"
"Row5766","0"
"Row5767","0"
"Row5768","0"
"Row5769","0"
"Row5770","0"
"Row5771","1"
"Row5772","0"
"Row5773","0"
"Row5774","1"
"Row5775","0"
"Row5776","0"
"Row5777","0"
"Row5778","0"
"Row5779","0"
"Row5780","1"
"Row5781","0"
"Row5782","0"
"Row5783","0"
"Row5784","0"
"Row5785","0"
"Row5786","0"
"Row5787","1"
"Row5788","0"
"Row5789","0"
"Row5790","0"
"Row5791","0"
"Row5792","0"
"Row5793","0"
"Row5794","1"
"Row5795","0"
"Row5796","1"
"Row5797","0"
"Row5798","1"
"Row5799","0"
"Row5800","0"
"Row5801","1"
"Row5802","0"
"Row5803","1"
"Row5804","0"
"Row5805","0"
"Row5806","1"
"Row5807","0"
"Row5808","0"
"Row5809","1"
"Row5810","0"
"Row5811","0"
"Row5812","0"
"Row5813","0"
"Row5814","0"
"Row5815","0"
"Row5816","0"
"Row5817","0"
"Row5818","0"
"Row5819","0"
"Row5820","0"
"Row5821","0"
"Row5822","0"
"Row5823","0"
"Row5824","0"
"Row5825","0"
"Row5826","0"
"Row5827","0"
"Row5828","0"
"Row5829","0"
"Row5830","0"
"Row5831","0"
"Row5832","0"
"Row5833","0"
"Row5834","0"
"Row5835","0"
"Row5836","0"
"Row5837","1"
"Row5838","0"
"Row5839","0"
"Row5840","0"
"Row5841","0"
"Row5842","0"
"Row5843","0"
"Row5844","0"
"Row5845","0"
"Row5846","0"
"Row5847","0"
"Row5848","0"
"Row5849","0"
"Row5850","0"
"Row5851","0"
"Row5852","1"
"Row5853","0"
"Row5854","0"
"Row5855","0"
"Row5856","0"
"Row5857","0"
"Row5858","0"
"Row5859","0"
"Row5860","0"
"Row5861","0"
"Row5862","1"
"Row5863","0"
"Row5864","0"
"Row5865","0"
"Row5866","1"
"Row5867","0"
"Row5868","0"
"Row5869","0"
"Row5870","0"
"Row5871","0"
"Row5872","0"
"Row5873","1"
"Row5874","0"
"Row5875","0"
"Row5876","0"
"Row5877","0"
"Row5878","0"
"Row5879","0"
"Row5880","0"
"Row5881","0"
"Row5882","0"
"Row5883","0"
"Row5884","0"
"Row5885","0"
"Row5886","0"
"Row5887","0"
"Row5888","0"
"Row5889","0"
"Row5890","0"
"Row5891","0"
"Row5892","0"
"Row5893","0"
"Row5894","0"
"Row5895","0"
"Row5896","0"
"Row5897","0"
"Row5898","1"
"Row5899","0"
"Row5900","0"
"Row5901","0"
"Row5902","0"
"Row5903","0"
"Row5904","0"
"Row5905","0"
"Row5906","0"
"Row5907","0"
"Row5908","0"
"Row5909","0"
"Row5910","0"
"Row5911","0"
"Row5912","0"
"Row5913","0"
"Row5914","0"
"Row5915","0"
"Row5916","0"
"Row5917","1"
"Row5918","0"
"Row5919","0"
"Row5920","0"
"Row5921","0"
"Row5922","0"
"Row5923","0"
"Row5924","0"
"Row5925","0"
"Row5926","0"
"Row5927","0"
"Row5928","0"
"Row5929","0"
"Row5930","1"
"Row5931","0"
"Row5932","0"
"Row5933","0"
"Row5934","0"
"Row5935","0"
"Row5936","1"
"Row5937","0"
"Row5938","0"
"Row5939","0"
"Row5940","0"
"Row5941","1"
"Row5942","0"
"Row5943","0"
"Row5944","0"
"Row5945","0"
"Row5946","0"
"Row5947","0"
"Row5948","0"
"Row5949","0"
"Row5950","0"
"Row5951","0"
"Row5952","0"
"Row5953","0"
"Row5954","0"
"Row5955","0"
"Row5956","0"
"Row5957","0"
"Row5958","0"
"Row5959","0"
"Row5960","0"
"Row5961","1"
"Row5962","0"
"Row5963","1"
"Row5964","0"
"Row5965","1"
"Row5966","0"
"Row5967","0"
"Row5968","0"
"Row5969","1"
"Row5970","0"
"Row5971","0"
"Row5972","1"
"Row5973","0"
"Row5974","0"
"Row5975","0"
"Row5976","0"
"Row5977","0"
"Row5978","0"
"Row5979","0"
"Row5980","0"
"Row5981","0"
"Row5982","0"
"Row5983","0"
"Row5984","0"
"Row5985","0"
"Row5986","0"
"Row5987","0"
"Row5988","0"
"Row5989","0"
"Row5990","0"
"Row5991","0"
"Row5992","0"
"Row5993","0"
"Row5994","0"
"Row5995","0"
"Row5996","0"
"Row5997","0"
"Row5998","1"
"Row5999","0"
"Row6000","0"
"Row6001","0"
"Row6002","1"
"Row6003","0"
"Row6004","0"
"Row6005","0"
"Row6006","0"
"Row6007","0"
"Row6008","0"
"Row6009","0"
"Row6010","0"
"Row6011","1"
"Row6012","0"
"Row6013","0"
"Row6014","0"
"Row6015","0"
"Row6016","0"
"Row6017","0"
"Row6018","0"
"Row6019","1"
"Row6020","0"
"Row6021","0"
"Row6022","0"
"Row6023","0"
"Row6024","0"
"Row6025","1"
"Row6026","0"
"Row6027","0"
"Row6028","0"
"Row6029","0"
"Row6030","0"
"Row6031","1"
"Row6032","0"
"Row6033","0"
"Row6034","0"
"Row6035","1"
"Row6036","1"
"Row6037","0"
"Row6038","1"
"Row6039","0"
"Row6040","1"
"Row6041","0"
"Row6042","0"
"Row6043","0"
"Row6044","0"
"Row6045","1"
"Row6046","0"
"Row6047","0"
"Row6048","0"
"Row6049","0"
"Row6050","0"
"Row6051","0"
"Row6052","0"
"Row6053","0"
"Row6054","0"
"Row6055","0"
"Row6056","0"
"Row6057","0"
"Row6058","0"
"Row6059","1"
"Row6060","0"
"Row6061","0"
"Row6062","0"
"Row6063","0"
"Row6064","0"
"Row6065","0"
"Row6066","0"
"Row6067","0"
"Row6068","0"
"Row6069","0"
"Row6070","0"
"Row6071","0"
"Row6072","0"
"Row6073","1"
"Row6074","1"
"Row6075","0"
"Row6076","1"
"Row6077","0"
"Row6078","0"
"Row6079","0"
"Row6080","0"
"Row6081","0"
"Row6082","1"
"Row6083","1"
"Row6084","0"
"Row6085","0"
"Row6086","0"
"Row6087","0"
"Row6088","0"
"Row6089","0"
"Row6090","0"
"Row6091","1"
"Row6092","0"
"Row6093","0"
"Row6094","1"
"Row6095","1"
"Row6096","0"
"Row6097","1"
"Row6098","1"
"Row6099","0"
"Row6100","1"
"Row6101","0"
"Row6102","0"
"Row6103","0"
"Row6104","0"
"Row6105","0"
"Row6106","1"
"Row6107","0"
"Row6108","1"
"Row6109","0"
"Row6110","0"
"Row6111","0"
"Row6112","0"
"Row6113","0"
"Row6114","0"
"Row6115","0"
"Row6116","0"
"Row6117","0"
"Row6118","0"
"Row6119","0"
"Row6120","0"
"Row6121","1"
"Row6122","0"
"Row6123","1"
"Row6124","0"
"Row6125","0"
"Row6126","0"
"Row6127","0"
"Row6128","0"
"Row6129","0"
"Row6130","0"
"Row6131","0"
"Row6132","0"
"Row6133","0"
"Row6134","0"
"Row6135","1"
"Row6136","0"
"Row6137","0"
"Row6138","0"
"Row6139","0"
"Row6140","0"
"Row6141","1"
"Row6142","0"
"Row6143","1"
"Row6144","0"
"Row6145","0"
"Row6146","0"
"Row6147","1"
"Row6148","0"
"Row6149","0"
"Row6150","0"
"Row6151","0"
"Row6152","0"
"Row6153","0"
"Row6154","0"
"Row6155","0"
"Row6156","0"
"Row6157","0"
"Row6158","0"
"Row6159","0"
"Row6160","0"
"Row6161","0"
"Row6162","1"
"Row6163","0"
"Row6164","1"
"Row6165","0"
"Row6166","0"
"Row6167","0"
"Row6168","0"
"Row6169","0"
"Row6170","0"
"Row6171","0"
"Row6172","0"
"Row6173","0"
"Row6174","0"
"Row6175","0"
"Row6176","0"
"Row6177","0"
"Row6178","0"
"Row6179","0"
"Row6180","1"
"Row6181","1"
"Row6182","0"
"Row6183","0"
"Row6184","0"
"Row6185","1"
"Row6186","1"
"Row6187","1"
"Row6188","1"
"Row6189","1"
"Row6190","0"
"Row6191","1"
"Row6192","0"
"Row6193","0"
"Row6194","0"
"Row6195","0"
"Row6196","0"
"Row6197","0"
"Row6198","0"
"Row6199","0"
"Row6200","0"
"Row6201","0"
"Row6202","0"
"Row6203","0"
"Row6204","0"
"Row6205","0"
"Row6206","0"
"Row6207","0"
"Row6208","0"
"Row6209","0"
"Row6210","0"
"Row6211","0"
"Row6212","0"
"Row6213","0"
"Row6214","1"
"Row6215","1"
"Row6216","0"
"Row6217","0"
"Row6218","1"
"Row6219","0"
"Row6220","0"
"Row6221","0"
"Row6222","0"
"Row6223","0"
"Row6224","0"
"Row6225","0"
"Row6226","1"
"Row6227","1"
"Row6228","0"
"Row6229","0"
"Row6230","0"
"Row6231","0"
"Row6232","0"
"Row6233","0"
"Row6234","0"
"Row6235","0"
"Row6236","0"
"Row6237","0"
"Row6238","0"
"Row6239","0"
"Row6240","1"
"Row6241","1"
"Row6242","1"
"Row6243","0"
"Row6244","1"
"Row6245","0"
"Row6246","1"
"Row6247","1"
"Row6248","0"
"Row6249","0"
"Row6250","0"
"Row6251","1"
"Row6252","0"
"Row6253","0"
"Row6254","0"
"Row6255","0"
"Row6256","0"
"Row6257","0"
"Row6258","0"
"Row6259","0"
"Row6260","0"
"Row6261","0"
"Row6262","0"
"Row6263","0"
"Row6264","0"
"Row6265","1"
"Row6266","0"
"Row6267","1"
"Row6268","0"
"Row6269","1"
"Row6270","0"
"Row6271","0"
"Row6272","0"
"Row6273","0"
"Row6274","0"
"Row6275","0"
"Row6276","0"
"Row6277","0"
"Row6278","0"
"Row6279","0"
"Row6280","0"
"Row6281","0"
"Row6282","1"
"Row6283","0"
"Row6284","0"
"Row6285","1"
"Row6286","0"
"Row6287","0"
"Row6288","0"
"Row6289","0"
"Row6290","0"
"Row6291","1"
"Row6292","0"
"Row6293","0"
"Row6294","0"
"Row6295","0"
"Row6296","1"
"Row6297","0"
"Row6298","0"
"Row6299","0"
"Row6300","0"
"Row6301","0"
"Row6302","0"
"Row6303","0"
"Row6304","0"
"Row6305","0"
"Row6306","0"
"Row6307","0"
"Row6308","1"
"Row6309","1"
"Row6310","0"
"Row6311","0"
"Row6312","1"
"Row6313","0"
"Row6314","0"
"Row6315","0"
"Row6316","1"
"Row6317","1"
"Row6318","0"
"Row6319","1"
"Row6320","0"
"Row6321","1"
"Row6322","1"
"Row6323","0"
"Row6324","0"
"Row6325","1"
"Row6326","0"
"Row6327","1"
"Row6328","0"
"Row6329","0"
"Row6330","0"
"Row6331","0"
"Row6332","1"
"Row6333","0"
"Row6334","0"
"Row6335","1"
"Row6336","0"
"Row6337","0"
"Row6338","0"
"Row6339","0"
"Row6340","0"
"Row6341","0"
"Row6342","0"
"Row6343","0"
"Row6344","0"
"Row6345","0"
"Row6346","0"
"Row6347","0"
"Row6348","1"
"Row6349","0"
"Row6350","1"
"Row6351","0"
"Row6352","0"
"Row6353","0"
"Row6354","0"
"Row6355","1"
"Row6356","1"
"Row6357","1"
"Row6358","1"
"Row6359","0"
"Row6360","0"
"Row6361","0"
"Row6362","0"
"Row6363","0"
"Row6364","1"
"Row6365","1"
"Row6366","1"
"Row6367","0"
"Row6368","0"
"Row6369","0"
"Row6370","0"
"Row6371","1"
"Row6372","0"
"Row6373","0"
"Row6374","0"
"Row6375","0"
"Row6376","0"
"Row6377","0"
"Row6378","0"
"Row6379","1"
"Row6380","1"
"Row6381","1"
"Row6382","0"
"Row6383","0"
"Row6384","0"
"Row6385","0"
"Row6386","1"
"Row6387","1"
"Row6388","0"
"Row6389","0"
"Row6390","0"
"Row6391","0"
"Row6392","0"
"Row6393","1"
"Row6394","0"
"Row6395","0"
"Row6396","0"
"Row6397","0"
"Row6398","1"
"Row6399","1"
"Row6400","0"
"Row6401","0"
"Row6402","1"
"Row6403","0"
"Row6404","0"
"Row6405","0"
"Row6406","0"
"Row6407","0"
"Row6408","0"
"Row6409","1"
"Row6410","0"
"Row6411","1"
"Row6412","1"
"Row6413","1"
"Row6414","0"
"Row6415","1"
"Row6416","0"
"Row6417","0"
"Row6418","0"
"Row6419","1"
"Row6420","0"
"Row6421","0"
"Row6422","0"
"Row6423","0"
"Row6424","1"
"Row6425","1"
"Row6426","1"
"Row6427","0"
"Row6428","0"
"Row6429","0"
"Row6430","1"
"Row6431","0"
"Row6432","1"
"Row6433","1"
"Row6434","0"
"Row6435","0"
"Row6436","1"
"Row6437","1"
"Row6438","0"
"Row6439","1"
"Row6440","1"
"Row6441","0"
"Row6442","1"
"Row6443","1"
"Row6444","1"
"Row6445","1"
"Row6446","0"
"Row6447","0"
"Row6448","0"
"Row6449","0"
"Row6450","1"
"Row6451","0"
"Row6452","1"
"Row6453","1"
"Row6454","0"
"Row6455","1"
"Row6456","0"
"Row6457","1"
"Row6458","0"
"Row6459","1"
"Row6460","0"
"Row6461","1"
"Row6462","0"
"Row6463","1"
"Row6464","1"
"Row6465","0"
"Row6466","1"
"Row6467","0"
"Row6468","0"
"Row6469","0"
"Row6470","0"
"Row6471","0"
"Row6472","0"
"Row6473","0"
"Row6474","0"
"Row6475","0"
"Row6476","0"
"Row6477","0"
"Row6478","1"
"Row6479","1"
"Row6480","1"
"Row6481","0"
"Row6482","0"
"Row6483","0"
"Row6484","1"
"Row6485","0"
"Row6486","1"
"Row6487","1"
"Row6488","0"
"Row6489","0"
"Row6490","1"
"Row6491","0"
"Row6492","0"
"Row6493","1"
"Row6494","0"
"Row6495","0"
"Row6496","1"
"Row6497","0"
"Row6498","1"
"Row6499","0"
"Row6500","0"
"Row6501","0"
"Row6502","0"
"Row6503","0"
"Row6504","1"
"Row6505","1"
"Row6506","0"
"Row6507","0"
"Row6508","0"
"Row6509","0"
"Row6510","0"
"Row6511","1"
"Row6512","0"
"Row6513","0"
"Row6514","1"
"Row6515","1"
"Row6516","1"
"Row6517","0"
"Row6518","0"
"Row6519","0"
"Row6520","0"
"Row6521","0"
"Row6522","1"
"Row6523","0"
"Row6524","0"
"Row6525","0"
"Row6526","1"
"Row6527","0"
"Row6528","0"
"Row6529","0"
"Row6530","0"
"Row6531","1"
"Row6532","1"
"Row6533","0"
"Row6534","0"
"Row6535","0"
"Row6536","0"
"Row6537","0"
"Row6538","1"
"Row6539","1"
"Row6540","0"
"Row6541","0"
"Row6542","1"
"Row6543","0"
"Row6544","1"
"Row6545","0"
"Row6546","0"
"Row6547","1"
"Row6548","0"
"Row6549","0"
"Row6550","1"
"Row6551","0"
"Row6552","0"
"Row6553","0"
"Row6554","0"
"Row6555","0"
"Row6556","1"
"Row6557","0"
"Row6558","1"
"Row6559","1"
"Row6560","1"
"Row6561","1"
"Row6562","0"
"Row6563","0"
"Row6564","1"
"Row6565","1"
"Row6566","0"
"Row6567","0"
"Row6568","1"
"Row6569","0"
"Row6570","1"
"Row6571","1"
"Row6572","1"
"Row6573","0"
"Row6574","1"
"Row6575","0"
"Row6576","1"
"Row6577","0"
"Row6578","0"
"Row6579","1"
"Row6580","0"
"Row6581","0"
"Row6582","0"
"Row6583","0"
"Row6584","0"
"Row6585","0"
"Row6586","1"
"Row6587","0"
"Row6588","1"
"Row6589","1"
